-- ============================================================================
-- uniCenta oPOS Seed Data
-- Source: Open Food Facts API (https://world.openfoodfacts.org)
-- License: Open Database License (ODbL)
-- Retrieved: 2026-04-02
--
-- This file contains real product data sourced from Open Food Facts,
-- an open collaborative database of food products worldwide.
-- All barcodes, product names, and brands are real.
-- Prices are based on typical US retail pricing (2024-2025 market data).
-- ============================================================================

-- ============================================================================
-- CATEGORIES
-- ============================================================================
-- Note: uniCenta 4.6 schema uses lowercase table names on MySQL
INSERT INTO categories (ID, NAME, PARENTID, IMAGE, TEXTTIP, CATSHOWNAME, CATORDER)
VALUES ('cat-dairy-001', 'Dairy & Refrigerated', NULL, NULL, 'Dairy products, yogurt, milk, cheese, butter', 1, '001');

INSERT INTO categories (ID, NAME, PARENTID, IMAGE, TEXTTIP, CATSHOWNAME, CATORDER)
VALUES ('cat-cereal-002', 'Cereals & Breakfast', NULL, NULL, 'Breakfast cereals, granola, oatmeal, granola bars', 1, '002');

INSERT INTO categories (ID, NAME, PARENTID, IMAGE, TEXTTIP, CATSHOWNAME, CATORDER)
VALUES ('cat-bakery-003', 'Bakery & Bread', NULL, NULL, 'Bread, muffins, baked goods', 1, '003');

INSERT INTO categories (ID, NAME, PARENTID, IMAGE, TEXTTIP, CATSHOWNAME, CATORDER)
VALUES ('cat-bev-004', 'Beverages', NULL, NULL, 'Soft drinks, juices, water', 1, '004');

INSERT INTO categories (ID, NAME, PARENTID, IMAGE, TEXTTIP, CATSHOWNAME, CATORDER)
VALUES ('cat-snack-005', 'Snacks', NULL, NULL, 'Chips, crackers, snack foods', 1, '005');

INSERT INTO categories (ID, NAME, PARENTID, IMAGE, TEXTTIP, CATSHOWNAME, CATORDER)
VALUES ('cat-cond-006', 'Condiments & Sauces', NULL, NULL, 'Ketchup, mustard, sauces, dressings', 1, '006');

-- ============================================================================
-- TAX CATEGORIES (supplement defaults if not present)
-- ============================================================================
INSERT IGNORE INTO taxcategories (ID, NAME) VALUES ('tax-standard', 'Standard Sales Tax');
INSERT IGNORE INTO taxes (ID, NAME, CATEGORY, CUSTCATEGORY, PARENTID, RATE, RATECASCADE, RATEORDER)
VALUES ('tax-standard-rate', 'Sales Tax 7%', 'tax-standard', NULL, NULL, 0.07, FALSE, NULL);

-- ============================================================================
-- PRODUCTS — Real products sourced from Open Food Facts
-- ============================================================================

-- ---------- Dairy & Refrigerated ----------
INSERT INTO products (ID, REFERENCE, CODE, CODETYPE, NAME, PRICEBUY, PRICESELL, CATEGORY, TAXCAT, ISCOM, ISSCALE, ISCONSTANT, PRINTKB, SENDSTATUS, ISSERVICE, ISVPRICE, ISVERPATRIB, WARRANTY)
VALUES ('prod-001', 'FAIR-CHOC-SHAKE', '0811620022118', 'EAN-13', 'fairlife Chocolate Nutrition Shake', 2.49, 3.99, 'cat-dairy-001', 'tax-standard', FALSE, FALSE, FALSE, FALSE, FALSE, FALSE, FALSE, FALSE, FALSE);

INSERT INTO products (ID, REFERENCE, CODE, CODETYPE, NAME, PRICEBUY, PRICESELL, CATEGORY, TAXCAT, ISCOM, ISSCALE, ISCONSTANT, PRINTKB, SENDSTATUS, ISSERVICE, ISVPRICE, ISVERPATRIB, WARRANTY)
VALUES ('prod-002', 'KIRK-GRK-YOGURT', '0096619483556', 'EAN-13', 'Kirkland Organic Greek Yogurt Plain', 4.99, 7.49, 'cat-dairy-001', 'tax-standard', FALSE, FALSE, FALSE, FALSE, FALSE, FALSE, FALSE, FALSE, FALSE);

INSERT INTO products (ID, REFERENCE, CODE, CODETYPE, NAME, PRICEBUY, PRICESELL, CATEGORY, TAXCAT, ISCOM, ISSCALE, ISCONSTANT, PRINTKB, SENDSTATUS, ISSERVICE, ISVPRICE, ISVERPATRIB, WARRANTY)
VALUES ('prod-003', 'FAGE-TOTAL-STRAIN', '0689544083016', 'EAN-13', 'FAGE Total Greek Strained Yogurt', 3.29, 5.49, 'cat-dairy-001', 'tax-standard', FALSE, FALSE, FALSE, FALSE, FALSE, FALSE, FALSE, FALSE, FALSE);

INSERT INTO products (ID, REFERENCE, CODE, CODETYPE, NAME, PRICEBUY, PRICESELL, CATEGORY, TAXCAT, ISCOM, ISSCALE, ISCONSTANT, PRINTKB, SENDSTATUS, ISSERVICE, ISVPRICE, ISVERPATRIB, WARRANTY)
VALUES ('prod-004', 'CHOB-NF-PLAIN', '0894700010137', 'EAN-13', 'Chobani Greek Yogurt Nonfat Plain', 0.89, 1.49, 'cat-dairy-001', 'tax-standard', FALSE, FALSE, FALSE, FALSE, FALSE, FALSE, FALSE, FALSE, FALSE);

INSERT INTO products (ID, REFERENCE, CODE, CODETYPE, NAME, PRICEBUY, PRICESELL, CATEGORY, TAXCAT, ISCOM, ISSCALE, ISCONSTANT, PRINTKB, SENDSTATUS, ISSERVICE, ISVPRICE, ISVERPATRIB, WARRANTY)
VALUES ('prod-005', 'FAGE-2PCT', '0689544083023', 'EAN-13', 'FAGE Total 2% Milkfat Yogurt', 3.29, 5.49, 'cat-dairy-001', 'tax-standard', FALSE, FALSE, FALSE, FALSE, FALSE, FALSE, FALSE, FALSE, FALSE);

INSERT INTO products (ID, REFERENCE, CODE, CODETYPE, NAME, PRICEBUY, PRICESELL, CATEGORY, TAXCAT, ISCOM, ISSCALE, ISCONSTANT, PRINTKB, SENDSTATUS, ISSERVICE, ISVPRICE, ISVERPATRIB, WARRANTY)
VALUES ('prod-006', 'OIKOS-TZ-VAN', '0036632019448', 'EAN-13', 'OIKOS Triple Zero Greek Yogurt Vanilla', 0.89, 1.49, 'cat-dairy-001', 'tax-standard', FALSE, FALSE, FALSE, FALSE, FALSE, FALSE, FALSE, FALSE, FALSE);

INSERT INTO products (ID, REFERENCE, CODE, CODETYPE, NAME, PRICEBUY, PRICESELL, CATEGORY, TAXCAT, ISCOM, ISSCALE, ISCONSTANT, PRINTKB, SENDSTATUS, ISSERVICE, ISVPRICE, ISVERPATRIB, WARRANTY)
VALUES ('prod-007', 'CORE-HIPROTEIN', '0811620020633', 'EAN-13', 'Core Power High Protein Milk Shake', 2.49, 3.99, 'cat-dairy-001', 'tax-standard', FALSE, FALSE, FALSE, FALSE, FALSE, FALSE, FALSE, FALSE, FALSE);

INSERT INTO products (ID, REFERENCE, CODE, CODETYPE, NAME, PRICEBUY, PRICESELL, CATEGORY, TAXCAT, ISCOM, ISSCALE, ISCONSTANT, PRINTKB, SENDSTATUS, ISSERVICE, ISVPRICE, ISVERPATRIB, WARRANTY)
VALUES ('prod-008', 'FAGE-5PCT', '0689544083009', 'EAN-13', 'FAGE Total 5% Milkfat Yogurt', 3.29, 5.49, 'cat-dairy-001', 'tax-standard', FALSE, FALSE, FALSE, FALSE, FALSE, FALSE, FALSE, FALSE, FALSE);

INSERT INTO products (ID, REFERENCE, CODE, CODETYPE, NAME, PRICEBUY, PRICESELL, CATEGORY, TAXCAT, ISCOM, ISSCALE, ISCONSTANT, PRINTKB, SENDSTATUS, ISSERVICE, ISVPRICE, ISVERPATRIB, WARRANTY)
VALUES ('prod-009', 'FAIR-2PCT-MILK', '0856312002771', 'EAN-13', 'fairlife 2% Reduced Fat Ultra-Filtered Milk', 3.49, 5.29, 'cat-dairy-001', 'tax-standard', FALSE, FALSE, FALSE, FALSE, FALSE, FALSE, FALSE, FALSE, FALSE);

INSERT INTO products (ID, REFERENCE, CODE, CODETYPE, NAME, PRICEBUY, PRICESELL, CATEGORY, TAXCAT, ISCOM, ISSCALE, ISCONSTANT, PRINTKB, SENDSTATUS, ISSERVICE, ISVPRICE, ISVERPATRIB, WARRANTY)
VALUES ('prod-010', 'LIFE-KEFIR', '0017077102322', 'EAN-13', 'Lifeway Kefir Cultured Lowfat Milk', 2.99, 4.79, 'cat-dairy-001', 'tax-standard', FALSE, FALSE, FALSE, FALSE, FALSE, FALSE, FALSE, FALSE, FALSE);

INSERT INTO products (ID, REFERENCE, CODE, CODETYPE, NAME, PRICEBUY, PRICESELL, CATEGORY, TAXCAT, ISCOM, ISSCALE, ISCONSTANT, PRINTKB, SENDSTATUS, ISSERVICE, ISVPRICE, ISVERPATRIB, WARRANTY)
VALUES ('prod-011', 'FAIR-FF-MILK', '0856312002757', 'EAN-13', 'fairlife Fat Free Ultra-Filtered Milk', 3.49, 5.29, 'cat-dairy-001', 'tax-standard', FALSE, FALSE, FALSE, FALSE, FALSE, FALSE, FALSE, FALSE, FALSE);

INSERT INTO products (ID, REFERENCE, CODE, CODETYPE, NAME, PRICEBUY, PRICESELL, CATEGORY, TAXCAT, ISCOM, ISSCALE, ISCONSTANT, PRINTKB, SENDSTATUS, ISSERVICE, ISVPRICE, ISVERPATRIB, WARRANTY)
VALUES ('prod-012', 'KERRY-BUTTER', '0767707001678', 'EAN-13', 'Kerrygold Pure Irish Butter', 3.49, 5.49, 'cat-dairy-001', 'tax-standard', FALSE, FALSE, FALSE, FALSE, FALSE, FALSE, FALSE, FALSE, FALSE);

INSERT INTO products (ID, REFERENCE, CODE, CODETYPE, NAME, PRICEBUY, PRICESELL, CATEGORY, TAXCAT, ISCOM, ISSCALE, ISCONSTANT, PRINTKB, SENDSTATUS, ISSERVICE, ISVPRICE, ISVERPATRIB, WARRANTY)
VALUES ('prod-013', 'CHOB-VAN', '0894700010144', 'EAN-13', 'Chobani Greek Yogurt Vanilla', 0.89, 1.49, 'cat-dairy-001', 'tax-standard', FALSE, FALSE, FALSE, FALSE, FALSE, FALSE, FALSE, FALSE, FALSE);

INSERT INTO products (ID, REFERENCE, CODE, CODETYPE, NAME, PRICEBUY, PRICESELL, CATEGORY, TAXCAT, ISCOM, ISSCALE, ISCONSTANT, PRINTKB, SENDSTATUS, ISSERVICE, ISVPRICE, ISVERPATRIB, WARRANTY)
VALUES ('prod-014', 'DAISY-CC-4', '0073420524203', 'EAN-13', 'Daisy Cottage Cheese 4%', 2.49, 3.99, 'cat-dairy-001', 'tax-standard', FALSE, FALSE, FALSE, FALSE, FALSE, FALSE, FALSE, FALSE, FALSE);

INSERT INTO products (ID, REFERENCE, CODE, CODETYPE, NAME, PRICEBUY, PRICESELL, CATEGORY, TAXCAT, ISCOM, ISSCALE, ISCONSTANT, PRINTKB, SENDSTATUS, ISSERVICE, ISVPRICE, ISVERPATRIB, WARRANTY)
VALUES ('prod-015', 'FAIR-CHOC-MILK', '0856312002795', 'EAN-13', 'fairlife Chocolate 2% Reduced Fat Milk', 3.49, 5.29, 'cat-dairy-001', 'tax-standard', FALSE, FALSE, FALSE, FALSE, FALSE, FALSE, FALSE, FALSE, FALSE);

INSERT INTO products (ID, REFERENCE, CODE, CODETYPE, NAME, PRICEBUY, PRICESELL, CATEGORY, TAXCAT, ISCOM, ISSCALE, ISCONSTANT, PRINTKB, SENDSTATUS, ISSERVICE, ISVPRICE, ISVERPATRIB, WARRANTY)
VALUES ('prod-016', 'PHILA-CC', '0021000612239', 'EAN-13', 'Philadelphia Cream Cheese Original', 2.99, 4.49, 'cat-dairy-001', 'tax-standard', FALSE, FALSE, FALSE, FALSE, FALSE, FALSE, FALSE, FALSE, FALSE);

INSERT INTO products (ID, REFERENCE, CODE, CODETYPE, NAME, PRICEBUY, PRICESELL, CATEGORY, TAXCAT, ISCOM, ISSCALE, ISCONSTANT, PRINTKB, SENDSTATUS, ISSERVICE, ISVPRICE, ISVERPATRIB, WARRANTY)
VALUES ('prod-017', 'CHOB-WM-PLAIN', '0894700010434', 'EAN-13', 'Chobani Greek Yogurt Whole Milk Plain', 0.99, 1.69, 'cat-dairy-001', 'tax-standard', FALSE, FALSE, FALSE, FALSE, FALSE, FALSE, FALSE, FALSE, FALSE);

INSERT INTO products (ID, REFERENCE, CODE, CODETYPE, NAME, PRICEBUY, PRICESELL, CATEGORY, TAXCAT, ISCOM, ISSCALE, ISCONSTANT, PRINTKB, SENDSTATUS, ISSERVICE, ISVPRICE, ISVERPATRIB, WARRANTY)
VALUES ('prod-018', 'DAISY-CC-2', '0073420516208', 'EAN-13', 'Daisy Cottage Cheese 2%', 2.49, 3.99, 'cat-dairy-001', 'tax-standard', FALSE, FALSE, FALSE, FALSE, FALSE, FALSE, FALSE, FALSE, FALSE);

INSERT INTO products (ID, REFERENCE, CODE, CODETYPE, NAME, PRICEBUY, PRICESELL, CATEGORY, TAXCAT, ISCOM, ISSCALE, ISCONSTANT, PRINTKB, SENDSTATUS, ISSERVICE, ISVPRICE, ISVERPATRIB, WARRANTY)
VALUES ('prod-019', 'CHOB-ZS-VAN', '0818290018571', 'EAN-13', 'Chobani Zero Sugar Greek Yogurt Vanilla', 0.99, 1.69, 'cat-dairy-001', 'tax-standard', FALSE, FALSE, FALSE, FALSE, FALSE, FALSE, FALSE, FALSE, FALSE);

-- ---------- Cereals & Breakfast ----------
INSERT INTO products (ID, REFERENCE, CODE, CODETYPE, NAME, PRICEBUY, PRICESELL, CATEGORY, TAXCAT, ISCOM, ISSCALE, ISCONSTANT, PRINTKB, SENDSTATUS, ISSERVICE, ISVPRICE, ISVERPATRIB, WARRANTY)
VALUES ('prod-020', 'NP-PUMPKIN-GRAN', '0058449770565', 'EAN-13', 'Nature''s Path Pumpkin Seed Flax Granola', 3.99, 6.49, 'cat-cereal-002', 'tax-standard', FALSE, FALSE, FALSE, FALSE, FALSE, FALSE, FALSE, FALSE, FALSE);

INSERT INTO products (ID, REFERENCE, CODE, CODETYPE, NAME, PRICEBUY, PRICESELL, CATEGORY, TAXCAT, ISCOM, ISSCALE, ISCONSTANT, PRINTKB, SENDSTATUS, ISSERVICE, ISVPRICE, ISVERPATRIB, WARRANTY)
VALUES ('prod-021', 'NV-OATS-HONEY', '0016000264694', 'EAN-13', 'Nature Valley Oats N Honey Granola Bars', 2.49, 3.99, 'cat-cereal-002', 'tax-standard', FALSE, FALSE, FALSE, FALSE, FALSE, FALSE, FALSE, FALSE, FALSE);

INSERT INTO products (ID, REFERENCE, CODE, CODETYPE, NAME, PRICEBUY, PRICESELL, CATEGORY, TAXCAT, ISCOM, ISSCALE, ISCONSTANT, PRINTKB, SENDSTATUS, ISSERVICE, ISVPRICE, ISVERPATRIB, WARRANTY)
VALUES ('prod-022', 'POST-GRAPENUTS', '0884912004710', 'EAN-13', 'Post Grape-Nuts Cereal', 3.49, 5.29, 'cat-cereal-002', 'tax-standard', FALSE, FALSE, FALSE, FALSE, FALSE, FALSE, FALSE, FALSE, FALSE);

INSERT INTO products (ID, REFERENCE, CODE, CODETYPE, NAME, PRICEBUY, PRICESELL, CATEGORY, TAXCAT, ISCOM, ISSCALE, ISCONSTANT, PRINTKB, SENDSTATUS, ISSERVICE, ISVPRICE, ISVERPATRIB, WARRANTY)
VALUES ('prod-023', 'NP-PROB-GRAN', '0096619194261', 'EAN-13', 'Nature''s Path Probiotic Granola', 4.29, 6.99, 'cat-cereal-002', 'tax-standard', FALSE, FALSE, FALSE, FALSE, FALSE, FALSE, FALSE, FALSE, FALSE);

INSERT INTO products (ID, REFERENCE, CODE, CODETYPE, NAME, PRICEBUY, PRICESELL, CATEGORY, TAXCAT, ISCOM, ISSCALE, ISCONSTANT, PRINTKB, SENDSTATUS, ISSERVICE, ISVPRICE, ISVERPATRIB, WARRANTY)
VALUES ('prod-024', 'GM-CHEERIOS', '0016000275263', 'EAN-13', 'General Mills Cheerios', 2.99, 4.79, 'cat-cereal-002', 'tax-standard', FALSE, FALSE, FALSE, FALSE, FALSE, FALSE, FALSE, FALSE, FALSE);

INSERT INTO products (ID, REFERENCE, CODE, CODETYPE, NAME, PRICEBUY, PRICESELL, CATEGORY, TAXCAT, ISCOM, ISSCALE, ISCONSTANT, PRINTKB, SENDSTATUS, ISSERVICE, ISVPRICE, ISVERPATRIB, WARRANTY)
VALUES ('prod-025', 'NP-HERITAGE', '0058449770206', 'EAN-13', 'Nature''s Path Heritage Flakes Cereal', 3.49, 5.49, 'cat-cereal-002', 'tax-standard', FALSE, FALSE, FALSE, FALSE, FALSE, FALSE, FALSE, FALSE, FALSE);

INSERT INTO products (ID, REFERENCE, CODE, CODETYPE, NAME, PRICEBUY, PRICESELL, CATEGORY, TAXCAT, ISCOM, ISSCALE, ISCONSTANT, PRINTKB, SENDSTATUS, ISSERVICE, ISVPRICE, ISVERPATRIB, WARRANTY)
VALUES ('prod-026', 'OD-OATS', '0675625371189', 'EAN-13', 'One Degree Sprouted Rolled Oats', 4.49, 6.99, 'cat-cereal-002', 'tax-standard', FALSE, FALSE, FALSE, FALSE, FALSE, FALSE, FALSE, FALSE, FALSE);

-- ---------- Bakery & Bread ----------
INSERT INTO products (ID, REFERENCE, CODE, CODETYPE, NAME, PRICEBUY, PRICESELL, CATEGORY, TAXCAT, ISCOM, ISSCALE, ISCONSTANT, PRINTKB, SENDSTATUS, ISSERVICE, ISVPRICE, ISVERPATRIB, WARRANTY)
VALUES ('prod-027', 'DKB-21GRAIN', '0013764027138', 'EAN-13', 'Dave''s Killer Bread 21 Whole Grains', 3.49, 5.99, 'cat-bakery-003', 'tax-standard', FALSE, FALSE, FALSE, FALSE, FALSE, FALSE, FALSE, FALSE, FALSE);

INSERT INTO products (ID, REFERENCE, CODE, CODETYPE, NAME, PRICEBUY, PRICESELL, CATEGORY, TAXCAT, ISCOM, ISSCALE, ISCONSTANT, PRINTKB, SENDSTATUS, ISSERVICE, ISVPRICE, ISVERPATRIB, WARRANTY)
VALUES ('prod-028', 'FFL-EZEKIEL', '0073472001202', 'EAN-13', 'Food For Life Ezekiel Sprouted Grain Bread', 3.99, 6.49, 'cat-bakery-003', 'tax-standard', FALSE, FALSE, FALSE, FALSE, FALSE, FALSE, FALSE, FALSE, FALSE);

INSERT INTO products (ID, REFERENCE, CODE, CODETYPE, NAME, PRICEBUY, PRICESELL, CATEGORY, TAXCAT, ISCOM, ISSCALE, ISCONSTANT, PRINTKB, SENDSTATUS, ISSERVICE, ISVPRICE, ISVERPATRIB, WARRANTY)
VALUES ('prod-029', 'NO-WHEAT', '0072250037129', 'EAN-13', 'Nature''s Own 100% Whole Wheat Bread', 2.19, 3.49, 'cat-bakery-003', 'tax-standard', FALSE, FALSE, FALSE, FALSE, FALSE, FALSE, FALSE, FALSE, FALSE);

INSERT INTO products (ID, REFERENCE, CODE, CODETYPE, NAME, PRICEBUY, PRICESELL, CATEGORY, TAXCAT, ISCOM, ISSCALE, ISCONSTANT, PRINTKB, SENDSTATUS, ISSERVICE, ISVPRICE, ISVERPATRIB, WARRANTY)
VALUES ('prod-030', 'DKB-GOODSEED', '0013764027121', 'EAN-13', 'Dave''s Killer Bread Good Seed Organic', 3.49, 5.99, 'cat-bakery-003', 'tax-standard', FALSE, FALSE, FALSE, FALSE, FALSE, FALSE, FALSE, FALSE, FALSE);

INSERT INTO products (ID, REFERENCE, CODE, CODETYPE, NAME, PRICEBUY, PRICESELL, CATEGORY, TAXCAT, ISCOM, ISSCALE, ISCONSTANT, PRINTKB, SENDSTATUS, ISSERVICE, ISVPRICE, ISVERPATRIB, WARRANTY)
VALUES ('prod-031', 'THOM-ENGMUF', '0048121102081', 'EAN-13', 'Thomas'' English Muffins Original', 2.49, 3.99, 'cat-bakery-003', 'tax-standard', FALSE, FALSE, FALSE, FALSE, FALSE, FALSE, FALSE, FALSE, FALSE);

-- ---------- Beverages ----------
INSERT INTO products (ID, REFERENCE, CODE, CODETYPE, NAME, PRICEBUY, PRICESELL, CATEGORY, TAXCAT, ISCOM, ISSCALE, ISCONSTANT, PRINTKB, SENDSTATUS, ISSERVICE, ISVPRICE, ISVERPATRIB, WARRANTY)
VALUES ('prod-032', 'COKE-CLASSIC', '049000006346', 'UPC-A', 'Coca-Cola Classic 12oz', 0.59, 1.29, 'cat-bev-004', 'tax-standard', FALSE, FALSE, FALSE, FALSE, FALSE, FALSE, FALSE, FALSE, FALSE);

INSERT INTO products (ID, REFERENCE, CODE, CODETYPE, NAME, PRICEBUY, PRICESELL, CATEGORY, TAXCAT, ISCOM, ISSCALE, ISCONSTANT, PRINTKB, SENDSTATUS, ISSERVICE, ISVPRICE, ISVERPATRIB, WARRANTY)
VALUES ('prod-033', 'PEPSI-12OZ', '012000001536', 'UPC-A', 'Pepsi-Cola 12oz', 0.59, 1.29, 'cat-bev-004', 'tax-standard', FALSE, FALSE, FALSE, FALSE, FALSE, FALSE, FALSE, FALSE, FALSE);

INSERT INTO products (ID, REFERENCE, CODE, CODETYPE, NAME, PRICEBUY, PRICESELL, CATEGORY, TAXCAT, ISCOM, ISSCALE, ISCONSTANT, PRINTKB, SENDSTATUS, ISSERVICE, ISVPRICE, ISVERPATRIB, WARRANTY)
VALUES ('prod-034', 'MTN-DEW', '012000001253', 'UPC-A', 'Mountain Dew 12oz', 0.59, 1.29, 'cat-bev-004', 'tax-standard', FALSE, FALSE, FALSE, FALSE, FALSE, FALSE, FALSE, FALSE, FALSE);

INSERT INTO products (ID, REFERENCE, CODE, CODETYPE, NAME, PRICEBUY, PRICESELL, CATEGORY, TAXCAT, ISCOM, ISSCALE, ISCONSTANT, PRINTKB, SENDSTATUS, ISSERVICE, ISVPRICE, ISVERPATRIB, WARRANTY)
VALUES ('prod-035', 'DRPEPPER-12OZ', '078000002270', 'UPC-A', 'Dr Pepper 12oz', 0.59, 1.29, 'cat-bev-004', 'tax-standard', FALSE, FALSE, FALSE, FALSE, FALSE, FALSE, FALSE, FALSE, FALSE);

-- ---------- Snacks ----------
INSERT INTO products (ID, REFERENCE, CODE, CODETYPE, NAME, PRICEBUY, PRICESELL, CATEGORY, TAXCAT, ISCOM, ISSCALE, ISCONSTANT, PRINTKB, SENDSTATUS, ISSERVICE, ISVPRICE, ISVERPATRIB, WARRANTY)
VALUES ('prod-036', 'LAYS-CLASSIC', '028400055680', 'UPC-A', 'Lay''s Classic Potato Chips', 2.79, 4.49, 'cat-snack-005', 'tax-standard', FALSE, FALSE, FALSE, FALSE, FALSE, FALSE, FALSE, FALSE, FALSE);

INSERT INTO products (ID, REFERENCE, CODE, CODETYPE, NAME, PRICEBUY, PRICESELL, CATEGORY, TAXCAT, ISCOM, ISSCALE, ISCONSTANT, PRINTKB, SENDSTATUS, ISSERVICE, ISVPRICE, ISVERPATRIB, WARRANTY)
VALUES ('prod-037', 'DORITOS-NACHO', '028400028592', 'UPC-A', 'Doritos Nacho Cheese', 2.79, 4.49, 'cat-snack-005', 'tax-standard', FALSE, FALSE, FALSE, FALSE, FALSE, FALSE, FALSE, FALSE, FALSE);

INSERT INTO products (ID, REFERENCE, CODE, CODETYPE, NAME, PRICEBUY, PRICESELL, CATEGORY, TAXCAT, ISCOM, ISSCALE, ISCONSTANT, PRINTKB, SENDSTATUS, ISSERVICE, ISVPRICE, ISVERPATRIB, WARRANTY)
VALUES ('prod-038', 'RUFFLES-ORIG', '028400043779', 'UPC-A', 'Ruffles Original Chips', 2.79, 4.49, 'cat-snack-005', 'tax-standard', FALSE, FALSE, FALSE, FALSE, FALSE, FALSE, FALSE, FALSE, FALSE);

INSERT INTO products (ID, REFERENCE, CODE, CODETYPE, NAME, PRICEBUY, PRICESELL, CATEGORY, TAXCAT, ISCOM, ISSCALE, ISCONSTANT, PRINTKB, SENDSTATUS, ISSERVICE, ISVPRICE, ISVERPATRIB, WARRANTY)
VALUES ('prod-039', 'CHEETOS-CRUNCH', '028400018470', 'UPC-A', 'Cheetos Crunchy', 2.79, 4.49, 'cat-snack-005', 'tax-standard', FALSE, FALSE, FALSE, FALSE, FALSE, FALSE, FALSE, FALSE, FALSE);

-- ---------- Condiments & Sauces ----------
INSERT INTO products (ID, REFERENCE, CODE, CODETYPE, NAME, PRICEBUY, PRICESELL, CATEGORY, TAXCAT, ISCOM, ISSCALE, ISCONSTANT, PRINTKB, SENDSTATUS, ISSERVICE, ISVPRICE, ISVERPATRIB, WARRANTY)
VALUES ('prod-040', 'HEINZ-KETCHUP', '013000006040', 'UPC-A', 'Heinz Tomato Ketchup', 2.79, 4.49, 'cat-cond-006', 'tax-standard', FALSE, FALSE, FALSE, FALSE, FALSE, FALSE, FALSE, FALSE, FALSE);

INSERT INTO products (ID, REFERENCE, CODE, CODETYPE, NAME, PRICEBUY, PRICESELL, CATEGORY, TAXCAT, ISCOM, ISSCALE, ISCONSTANT, PRINTKB, SENDSTATUS, ISSERVICE, ISVPRICE, ISVERPATRIB, WARRANTY)
VALUES ('prod-041', 'FRENCH-MUSTARD', '041500000084', 'UPC-A', 'French''s Classic Yellow Mustard', 1.89, 2.99, 'cat-cond-006', 'tax-standard', FALSE, FALSE, FALSE, FALSE, FALSE, FALSE, FALSE, FALSE, FALSE);

-- ============================================================================
-- PRODUCTS_CAT — Required for products to appear in POS product catalog
-- ============================================================================
INSERT INTO products_cat (PRODUCT, CATORDER) VALUES ('prod-001', 1);
INSERT INTO products_cat (PRODUCT, CATORDER) VALUES ('prod-002', 2);
INSERT INTO products_cat (PRODUCT, CATORDER) VALUES ('prod-003', 3);
INSERT INTO products_cat (PRODUCT, CATORDER) VALUES ('prod-004', 4);
INSERT INTO products_cat (PRODUCT, CATORDER) VALUES ('prod-005', 5);
INSERT INTO products_cat (PRODUCT, CATORDER) VALUES ('prod-006', 6);
INSERT INTO products_cat (PRODUCT, CATORDER) VALUES ('prod-007', 7);
INSERT INTO products_cat (PRODUCT, CATORDER) VALUES ('prod-008', 8);
INSERT INTO products_cat (PRODUCT, CATORDER) VALUES ('prod-009', 9);
INSERT INTO products_cat (PRODUCT, CATORDER) VALUES ('prod-010', 10);
INSERT INTO products_cat (PRODUCT, CATORDER) VALUES ('prod-011', 11);
INSERT INTO products_cat (PRODUCT, CATORDER) VALUES ('prod-012', 12);
INSERT INTO products_cat (PRODUCT, CATORDER) VALUES ('prod-013', 13);
INSERT INTO products_cat (PRODUCT, CATORDER) VALUES ('prod-014', 14);
INSERT INTO products_cat (PRODUCT, CATORDER) VALUES ('prod-015', 15);
INSERT INTO products_cat (PRODUCT, CATORDER) VALUES ('prod-016', 16);
INSERT INTO products_cat (PRODUCT, CATORDER) VALUES ('prod-017', 17);
INSERT INTO products_cat (PRODUCT, CATORDER) VALUES ('prod-018', 18);
INSERT INTO products_cat (PRODUCT, CATORDER) VALUES ('prod-019', 19);
INSERT INTO products_cat (PRODUCT, CATORDER) VALUES ('prod-020', 20);
INSERT INTO products_cat (PRODUCT, CATORDER) VALUES ('prod-021', 21);
INSERT INTO products_cat (PRODUCT, CATORDER) VALUES ('prod-022', 22);
INSERT INTO products_cat (PRODUCT, CATORDER) VALUES ('prod-023', 23);
INSERT INTO products_cat (PRODUCT, CATORDER) VALUES ('prod-024', 24);
INSERT INTO products_cat (PRODUCT, CATORDER) VALUES ('prod-025', 25);
INSERT INTO products_cat (PRODUCT, CATORDER) VALUES ('prod-026', 26);
INSERT INTO products_cat (PRODUCT, CATORDER) VALUES ('prod-027', 27);
INSERT INTO products_cat (PRODUCT, CATORDER) VALUES ('prod-028', 28);
INSERT INTO products_cat (PRODUCT, CATORDER) VALUES ('prod-029', 29);
INSERT INTO products_cat (PRODUCT, CATORDER) VALUES ('prod-030', 30);
INSERT INTO products_cat (PRODUCT, CATORDER) VALUES ('prod-031', 31);
INSERT INTO products_cat (PRODUCT, CATORDER) VALUES ('prod-032', 32);
INSERT INTO products_cat (PRODUCT, CATORDER) VALUES ('prod-033', 33);
INSERT INTO products_cat (PRODUCT, CATORDER) VALUES ('prod-034', 34);
INSERT INTO products_cat (PRODUCT, CATORDER) VALUES ('prod-035', 35);
INSERT INTO products_cat (PRODUCT, CATORDER) VALUES ('prod-036', 36);
INSERT INTO products_cat (PRODUCT, CATORDER) VALUES ('prod-037', 37);
INSERT INTO products_cat (PRODUCT, CATORDER) VALUES ('prod-038', 38);
INSERT INTO products_cat (PRODUCT, CATORDER) VALUES ('prod-039', 39);
INSERT INTO products_cat (PRODUCT, CATORDER) VALUES ('prod-040', 40);
INSERT INTO products_cat (PRODUCT, CATORDER) VALUES ('prod-041', 41);

-- ============================================================================
-- CUSTOMERS — Sample business customers for POS transactions
-- ============================================================================
INSERT INTO customers (ID, SEARCHKEY, TAXID, NAME, MAXDEBT, ADDRESS, CITY, REGION, COUNTRY, FIRSTNAME, LASTNAME, EMAIL, PHONE, VISIBLE, CURDEBT, ISVIP, DISCOUNT)
VALUES ('cust-001', 'DOWNTOWN-CAFE', NULL, 'Downtown Corner Cafe', 500.00, '123 Main Street', 'Springfield', 'IL', 'US', 'James', 'Wilson', 'info@downtowncornercafe.com', '555-0101', TRUE, 0.00, FALSE, 0);

INSERT INTO customers (ID, SEARCHKEY, TAXID, NAME, MAXDEBT, ADDRESS, CITY, REGION, COUNTRY, FIRSTNAME, LASTNAME, EMAIL, PHONE, VISIBLE, CURDEBT, ISVIP, DISCOUNT)
VALUES ('cust-002', 'MARINA-REST', NULL, 'Marina Bay Restaurant', 1000.00, '456 Harbor Drive', 'Newport', 'CA', 'US', 'Sarah', 'Chen', 'orders@marinabayrest.com', '555-0202', TRUE, 0.00, TRUE, 5);

INSERT INTO customers (ID, SEARCHKEY, TAXID, NAME, MAXDEBT, ADDRESS, CITY, REGION, COUNTRY, FIRSTNAME, LASTNAME, EMAIL, PHONE, VISIBLE, CURDEBT, ISVIP, DISCOUNT)
VALUES ('cust-003', 'GREENLEAF-MKT', NULL, 'Greenleaf Market', 750.00, '789 Oak Avenue', 'Portland', 'OR', 'US', 'Michael', 'Rodriguez', 'purchasing@greenleafmarket.com', '555-0303', TRUE, 0.00, FALSE, 0);

INSERT INTO customers (ID, SEARCHKEY, TAXID, NAME, MAXDEBT, ADDRESS, CITY, REGION, COUNTRY, FIRSTNAME, LASTNAME, EMAIL, PHONE, VISIBLE, CURDEBT, ISVIP, DISCOUNT)
VALUES ('cust-004', 'SUNRISE-BAKERY', NULL, 'Sunrise Artisan Bakery', 500.00, '321 Elm Street', 'Austin', 'TX', 'US', 'Emily', 'Thompson', 'orders@sunrisebakery.com', '555-0404', TRUE, 0.00, FALSE, 0);

INSERT INTO customers (ID, SEARCHKEY, TAXID, NAME, MAXDEBT, ADDRESS, CITY, REGION, COUNTRY, FIRSTNAME, LASTNAME, EMAIL, PHONE, VISIBLE, CURDEBT, ISVIP, DISCOUNT)
VALUES ('cust-005', 'HILLTOP-DELI', NULL, 'Hilltop Deli & Grocery', 600.00, '555 Pine Road', 'Denver', 'CO', 'US', 'Robert', 'Martinez', 'info@hilltopdeli.com', '555-0505', TRUE, 0.00, TRUE, 10);
