-- Chromis POS Database Population Script
-- Data source: UCI Online Retail Dataset (real UK retail transactions)
-- https://archive.ics.uci.edu/dataset/352/online+retail

-- Tax Categories
INSERT INTO TAXCATEGORIES (ID, NAME) VALUES ('9dd70548adb84cb6ba2bde70daa9e7e8', 'Standard Tax');
INSERT INTO TAXCATEGORIES (ID, NAME) VALUES ('e789ab8f567744058e8e0f958d7c26b4', 'Zero Tax');

-- Taxes
INSERT INTO TAXES (ID, NAME, CATEGORY, RATE, RATECASCADE, RATEORDER) VALUES ('55c5edb4d1dc4f85a7babc9aa4543176', 'Sales Tax 8%', '9dd70548adb84cb6ba2bde70daa9e7e8', 0.08, FALSE, 1);
INSERT INTO TAXES (ID, NAME, CATEGORY, RATE, RATECASCADE, RATEORDER) VALUES ('e29e316765c8473dad3888ec05aaa5fc', 'Zero Rate', 'e789ab8f567744058e8e0f958d7c26b4', 0.0, FALSE, 0);

-- Product Categories
INSERT INTO CATEGORIES (ID, NAME, CATSHOWNAME) VALUES ('4ab3ea0d42844609ab64a7a11441c5fe', 'Lighting & Candles', TRUE);
INSERT INTO CATEGORIES (ID, NAME, CATSHOWNAME) VALUES ('2933eb4cc17a47cfbd4750d6c522f117', 'General Merchandise', TRUE);
INSERT INTO CATEGORIES (ID, NAME, CATSHOWNAME) VALUES ('1e0dd86a9cab4423bb7c899761d6064d', 'Bags & Accessories', TRUE);
INSERT INTO CATEGORIES (ID, NAME, CATSHOWNAME) VALUES ('14ecec92fc0c4095bfaa984d15e6a815', 'Kitchen & Dining', TRUE);
INSERT INTO CATEGORIES (ID, NAME, CATSHOWNAME) VALUES ('bddb7124ec664ed7ba4a7ce803e7e95e', 'Garden', TRUE);
INSERT INTO CATEGORIES (ID, NAME, CATSHOWNAME) VALUES ('70098e08bf26409488a568a30b7b6b0c', 'Storage & Organization', TRUE);
INSERT INTO CATEGORIES (ID, NAME, CATSHOWNAME) VALUES ('9ea3c7c6c28b4ff68e6c2e4f9eaacd45', 'Cards & Stationery', TRUE);
INSERT INTO CATEGORIES (ID, NAME, CATSHOWNAME) VALUES ('75c77c008fa840689edd7893254208f1', 'Home Decor', TRUE);
INSERT INTO CATEGORIES (ID, NAME, CATSHOWNAME) VALUES ('7cf4adeb60914b07b7d0e8de81211d54', 'Toys & Games', TRUE);
INSERT INTO CATEGORIES (ID, NAME, CATSHOWNAME) VALUES ('a0e52a1763324d46ad336b0c12536e5f', 'Bath & Body', TRUE);
INSERT INTO CATEGORIES (ID, NAME, CATSHOWNAME) VALUES ('8b883bc2dca14f0480421f4f0055ec15', 'Jewelry', TRUE);

-- Products (from UCI Online Retail Dataset)
INSERT INTO PRODUCTS (ID, REFERENCE, CODE, CODETYPE, NAME, PRICEBUY, PRICESELL, CATEGORY, TAXCAT, ISCOM, ISSCALE, ISKITCHEN, ISSERVICE, ISVPRICE, WARRANTY, STOCKUNITS, CANDISCOUNT, ALIAS, ALWAYSAVAILABLE, DISCOUNTED) VALUES ('e6150e69bb8b4d96817c1a1d08f08a43', '85123A', '8512300000000', 'EAN-13', 'White Hanging Heart T-Light Holder', 1.87, 3.11, '4ab3ea0d42844609ab64a7a11441c5fe', '9dd70548adb84cb6ba2bde70daa9e7e8', FALSE, FALSE, FALSE, FALSE, FALSE, FALSE, 100, TRUE, 'White Hanging Heart T-Light Holder', FALSE, 'no');
INSERT INTO PRODUCTS (ID, REFERENCE, CODE, CODETYPE, NAME, PRICEBUY, PRICESELL, CATEGORY, TAXCAT, ISCOM, ISSCALE, ISKITCHEN, ISSERVICE, ISVPRICE, WARRANTY, STOCKUNITS, CANDISCOUNT, ALIAS, ALWAYSAVAILABLE, DISCOUNTED) VALUES ('e7aa73cf72e24b6da65871dfd3704440', '22423', '2242300000000', 'EAN-13', 'Regency Cakestand 3 Tier', 8.29, 13.81, '2933eb4cc17a47cfbd4750d6c522f117', '9dd70548adb84cb6ba2bde70daa9e7e8', FALSE, FALSE, FALSE, FALSE, FALSE, FALSE, 100, TRUE, 'Regency Cakestand 3 Tier', FALSE, 'no');
INSERT INTO PRODUCTS (ID, REFERENCE, CODE, CODETYPE, NAME, PRICEBUY, PRICESELL, CATEGORY, TAXCAT, ISCOM, ISSCALE, ISKITCHEN, ISSERVICE, ISVPRICE, WARRANTY, STOCKUNITS, CANDISCOUNT, ALIAS, ALWAYSAVAILABLE, DISCOUNTED) VALUES ('71a7934692d9424b9659e0594dd1c2bd', '85099B', '8509900000000', 'EAN-13', 'Jumbo Bag Red Retrospot', 1.48, 2.47, '1e0dd86a9cab4423bb7c899761d6064d', '9dd70548adb84cb6ba2bde70daa9e7e8', FALSE, FALSE, FALSE, FALSE, FALSE, FALSE, 100, TRUE, 'Jumbo Bag Red Retrospot', FALSE, 'no');
INSERT INTO PRODUCTS (ID, REFERENCE, CODE, CODETYPE, NAME, PRICEBUY, PRICESELL, CATEGORY, TAXCAT, ISCOM, ISSCALE, ISKITCHEN, ISSERVICE, ISVPRICE, WARRANTY, STOCKUNITS, CANDISCOUNT, ALIAS, ALWAYSAVAILABLE, DISCOUNTED) VALUES ('8aaf18bfbd9f450b9e9fea7f0b822a58', '47566', '4756600000000', 'EAN-13', 'Party Bunting', 3.47, 5.78, '14ecec92fc0c4095bfaa984d15e6a815', '9dd70548adb84cb6ba2bde70daa9e7e8', FALSE, FALSE, FALSE, FALSE, FALSE, FALSE, 100, TRUE, 'Party Bunting', FALSE, 'no');
INSERT INTO PRODUCTS (ID, REFERENCE, CODE, CODETYPE, NAME, PRICEBUY, PRICESELL, CATEGORY, TAXCAT, ISCOM, ISSCALE, ISKITCHEN, ISSERVICE, ISVPRICE, WARRANTY, STOCKUNITS, CANDISCOUNT, ALIAS, ALWAYSAVAILABLE, DISCOUNTED) VALUES ('216f1e9c305549c2a108e6b38c2bdbbf', '20725', '2072500000000', 'EAN-13', 'Lunch Bag Red Retrospot', 1.27, 2.11, '1e0dd86a9cab4423bb7c899761d6064d', '9dd70548adb84cb6ba2bde70daa9e7e8', FALSE, FALSE, FALSE, FALSE, FALSE, FALSE, 100, TRUE, 'Lunch Bag Red Retrospot', FALSE, 'no');
INSERT INTO PRODUCTS (ID, REFERENCE, CODE, CODETYPE, NAME, PRICEBUY, PRICESELL, CATEGORY, TAXCAT, ISCOM, ISSCALE, ISKITCHEN, ISSERVICE, ISVPRICE, WARRANTY, STOCKUNITS, CANDISCOUNT, ALIAS, ALWAYSAVAILABLE, DISCOUNTED) VALUES ('b5dc68a9da2c476a87a8ac01fae179f2', '84879', '8487900000000', 'EAN-13', 'Assorted Colour Bird Ornament', 1.03, 1.72, 'bddb7124ec664ed7ba4a7ce803e7e95e', '9dd70548adb84cb6ba2bde70daa9e7e8', FALSE, FALSE, FALSE, FALSE, FALSE, FALSE, 100, TRUE, 'Assorted Colour Bird Ornament', FALSE, 'no');
INSERT INTO PRODUCTS (ID, REFERENCE, CODE, CODETYPE, NAME, PRICEBUY, PRICESELL, CATEGORY, TAXCAT, ISCOM, ISSCALE, ISKITCHEN, ISSERVICE, ISVPRICE, WARRANTY, STOCKUNITS, CANDISCOUNT, ALIAS, ALWAYSAVAILABLE, DISCOUNTED) VALUES ('930307da594b4f22971f957626c5b4af', '22197', '2219700000000', 'EAN-13', 'Small Popcorn Holder', 0.62, 1.03, '4ab3ea0d42844609ab64a7a11441c5fe', '9dd70548adb84cb6ba2bde70daa9e7e8', FALSE, FALSE, FALSE, FALSE, FALSE, FALSE, 100, TRUE, 'Small Popcorn Holder', FALSE, 'no');
INSERT INTO PRODUCTS (ID, REFERENCE, CODE, CODETYPE, NAME, PRICEBUY, PRICESELL, CATEGORY, TAXCAT, ISCOM, ISSCALE, ISKITCHEN, ISSERVICE, ISVPRICE, WARRANTY, STOCKUNITS, CANDISCOUNT, ALIAS, ALWAYSAVAILABLE, DISCOUNTED) VALUES ('aa278740d4374d1e8e820d7bdfa19a22', '22720', '2272000000000', 'EAN-13', 'Set Of 3 Cake Tins Pantry Design', 3.47, 5.78, '14ecec92fc0c4095bfaa984d15e6a815', '9dd70548adb84cb6ba2bde70daa9e7e8', FALSE, FALSE, FALSE, FALSE, FALSE, FALSE, 100, TRUE, 'Set Of 3 Cake Tins Pantry Design', FALSE, 'no');
INSERT INTO PRODUCTS (ID, REFERENCE, CODE, CODETYPE, NAME, PRICEBUY, PRICESELL, CATEGORY, TAXCAT, ISCOM, ISSCALE, ISKITCHEN, ISSERVICE, ISVPRICE, WARRANTY, STOCKUNITS, CANDISCOUNT, ALIAS, ALWAYSAVAILABLE, DISCOUNTED) VALUES ('d54cd0d8496e4ae590c923f637efffa4', '21212', '2121200000000', 'EAN-13', 'Pack Of 72 Retrospot Cake Cases', 0.45, 0.76, '70098e08bf26409488a568a30b7b6b0c', '9dd70548adb84cb6ba2bde70daa9e7e8', FALSE, FALSE, FALSE, FALSE, FALSE, FALSE, 100, TRUE, 'Pack Of 72 Retrospot Cake Cases', FALSE, 'no');
INSERT INTO PRODUCTS (ID, REFERENCE, CODE, CODETYPE, NAME, PRICEBUY, PRICESELL, CATEGORY, TAXCAT, ISCOM, ISSCALE, ISKITCHEN, ISSERVICE, ISVPRICE, WARRANTY, STOCKUNITS, CANDISCOUNT, ALIAS, ALWAYSAVAILABLE, DISCOUNTED) VALUES ('756a778fa38a48b8afd6f95a46a51ce6', '20727', '2072700000000', 'EAN-13', 'Lunch Bag  Black Skull.', 1.25, 2.09, '1e0dd86a9cab4423bb7c899761d6064d', '9dd70548adb84cb6ba2bde70daa9e7e8', FALSE, FALSE, FALSE, FALSE, FALSE, FALSE, 100, TRUE, 'Lunch Bag  Black Skull.', FALSE, 'no');
INSERT INTO PRODUCTS (ID, REFERENCE, CODE, CODETYPE, NAME, PRICEBUY, PRICESELL, CATEGORY, TAXCAT, ISCOM, ISSCALE, ISKITCHEN, ISSERVICE, ISVPRICE, WARRANTY, STOCKUNITS, CANDISCOUNT, ALIAS, ALWAYSAVAILABLE, DISCOUNTED) VALUES ('ac8f95dbbcd543488931c7da5d68a748', '22383', '2238300000000', 'EAN-13', 'Lunch Bag Suki  Design', 1.29, 2.15, '1e0dd86a9cab4423bb7c899761d6064d', '9dd70548adb84cb6ba2bde70daa9e7e8', FALSE, FALSE, FALSE, FALSE, FALSE, FALSE, 100, TRUE, 'Lunch Bag Suki  Design', FALSE, 'no');
INSERT INTO PRODUCTS (ID, REFERENCE, CODE, CODETYPE, NAME, PRICEBUY, PRICESELL, CATEGORY, TAXCAT, ISCOM, ISSCALE, ISKITCHEN, ISSERVICE, ISVPRICE, WARRANTY, STOCKUNITS, CANDISCOUNT, ALIAS, ALWAYSAVAILABLE, DISCOUNTED) VALUES ('17084cf871d84d7d9f1e5e959e36f1cf', '22457', '2245700000000', 'EAN-13', 'Natural Slate Heart Chalkboard', 2.15, 3.58, '2933eb4cc17a47cfbd4750d6c522f117', '9dd70548adb84cb6ba2bde70daa9e7e8', FALSE, FALSE, FALSE, FALSE, FALSE, FALSE, 100, TRUE, 'Natural Slate Heart Chalkboard', FALSE, 'no');
INSERT INTO PRODUCTS (ID, REFERENCE, CODE, CODETYPE, NAME, PRICEBUY, PRICESELL, CATEGORY, TAXCAT, ISCOM, ISSCALE, ISKITCHEN, ISSERVICE, ISVPRICE, WARRANTY, STOCKUNITS, CANDISCOUNT, ALIAS, ALWAYSAVAILABLE, DISCOUNTED) VALUES ('f0f22fcea1a4443a8ea826dfa14170fb', '23203', '2320300000000', 'EAN-13', 'Jumbo Bag Doiley Patterns', 1.36, 2.27, '1e0dd86a9cab4423bb7c899761d6064d', '9dd70548adb84cb6ba2bde70daa9e7e8', FALSE, FALSE, FALSE, FALSE, FALSE, FALSE, 100, TRUE, 'Jumbo Bag Doiley Patterns', FALSE, 'no');
INSERT INTO PRODUCTS (ID, REFERENCE, CODE, CODETYPE, NAME, PRICEBUY, PRICESELL, CATEGORY, TAXCAT, ISCOM, ISSCALE, ISKITCHEN, ISSERVICE, ISVPRICE, WARRANTY, STOCKUNITS, CANDISCOUNT, ALIAS, ALWAYSAVAILABLE, DISCOUNTED) VALUES ('eeaa1c7e41a949d59095928a1942c10a', '22386', '2238600000000', 'EAN-13', 'Jumbo Bag Pink Polkadot', 1.55, 2.59, '1e0dd86a9cab4423bb7c899761d6064d', '9dd70548adb84cb6ba2bde70daa9e7e8', FALSE, FALSE, FALSE, FALSE, FALSE, FALSE, 100, TRUE, 'Jumbo Bag Pink Polkadot', FALSE, 'no');
INSERT INTO PRODUCTS (ID, REFERENCE, CODE, CODETYPE, NAME, PRICEBUY, PRICESELL, CATEGORY, TAXCAT, ISCOM, ISSCALE, ISKITCHEN, ISSERVICE, ISVPRICE, WARRANTY, STOCKUNITS, CANDISCOUNT, ALIAS, ALWAYSAVAILABLE, DISCOUNTED) VALUES ('61c97e1fd13c4247b5b7e11152ba72c5', '22469', '2246900000000', 'EAN-13', 'Heart Of Wicker Small', 1.17, 1.95, '2933eb4cc17a47cfbd4750d6c522f117', '9dd70548adb84cb6ba2bde70daa9e7e8', FALSE, FALSE, FALSE, FALSE, FALSE, FALSE, 100, TRUE, 'Heart Of Wicker Small', FALSE, 'no');
INSERT INTO PRODUCTS (ID, REFERENCE, CODE, CODETYPE, NAME, PRICEBUY, PRICESELL, CATEGORY, TAXCAT, ISCOM, ISSCALE, ISKITCHEN, ISSERVICE, ISVPRICE, WARRANTY, STOCKUNITS, CANDISCOUNT, ALIAS, ALWAYSAVAILABLE, DISCOUNTED) VALUES ('911369909fd7461da403cf650b806b39', '22960', '2296000000000', 'EAN-13', 'Jam Making Set With Jars', 3.01, 5.01, '14ecec92fc0c4095bfaa984d15e6a815', '9dd70548adb84cb6ba2bde70daa9e7e8', FALSE, FALSE, FALSE, FALSE, FALSE, FALSE, 100, TRUE, 'Jam Making Set With Jars', FALSE, 'no');
INSERT INTO PRODUCTS (ID, REFERENCE, CODE, CODETYPE, NAME, PRICEBUY, PRICESELL, CATEGORY, TAXCAT, ISCOM, ISSCALE, ISKITCHEN, ISSERVICE, ISVPRICE, WARRANTY, STOCKUNITS, CANDISCOUNT, ALIAS, ALWAYSAVAILABLE, DISCOUNTED) VALUES ('91a9a61f66974537a30dc9e9c8919e78', '21931', '2193100000000', 'EAN-13', 'Jumbo Storage Bag Suki', 1.64, 2.73, '1e0dd86a9cab4423bb7c899761d6064d', '9dd70548adb84cb6ba2bde70daa9e7e8', FALSE, FALSE, FALSE, FALSE, FALSE, FALSE, 100, TRUE, 'Jumbo Storage Bag Suki', FALSE, 'no');
INSERT INTO PRODUCTS (ID, REFERENCE, CODE, CODETYPE, NAME, PRICEBUY, PRICESELL, CATEGORY, TAXCAT, ISCOM, ISSCALE, ISKITCHEN, ISSERVICE, ISVPRICE, WARRANTY, STOCKUNITS, CANDISCOUNT, ALIAS, ALWAYSAVAILABLE, DISCOUNTED) VALUES ('00430c23a60245febb5e1c9a6d8109f2', '22086', '2208600000000', 'EAN-13', 'Paper Chain Kit 50''S Christmas', 2.01, 3.35, '9ea3c7c6c28b4ff68e6c2e4f9eaacd45', '9dd70548adb84cb6ba2bde70daa9e7e8', FALSE, FALSE, FALSE, FALSE, FALSE, FALSE, 100, TRUE, 'Paper Chain Kit 50''S Christmas', FALSE, 'no');
INSERT INTO PRODUCTS (ID, REFERENCE, CODE, CODETYPE, NAME, PRICEBUY, PRICESELL, CATEGORY, TAXCAT, ISCOM, ISSCALE, ISKITCHEN, ISSERVICE, ISVPRICE, WARRANTY, STOCKUNITS, CANDISCOUNT, ALIAS, ALWAYSAVAILABLE, DISCOUNTED) VALUES ('53c25ceab32646c9b72cad4e9aee91f8', '22411', '2241100000000', 'EAN-13', 'Jumbo Shopper Vintage Red Paisley', 1.61, 2.68, '1e0dd86a9cab4423bb7c899761d6064d', '9dd70548adb84cb6ba2bde70daa9e7e8', FALSE, FALSE, FALSE, FALSE, FALSE, FALSE, 100, TRUE, 'Jumbo Shopper Vintage Red Paisley', FALSE, 'no');
INSERT INTO PRODUCTS (ID, REFERENCE, CODE, CODETYPE, NAME, PRICEBUY, PRICESELL, CATEGORY, TAXCAT, ISCOM, ISSCALE, ISKITCHEN, ISSERVICE, ISVPRICE, WARRANTY, STOCKUNITS, CANDISCOUNT, ALIAS, ALWAYSAVAILABLE, DISCOUNTED) VALUES ('0bdba9d9812d40f18381872c4d917c84', '20728', '2072800000000', 'EAN-13', 'Lunch Bag Cars Blue', 1.23, 2.05, '1e0dd86a9cab4423bb7c899761d6064d', '9dd70548adb84cb6ba2bde70daa9e7e8', FALSE, FALSE, FALSE, FALSE, FALSE, FALSE, 100, TRUE, 'Lunch Bag Cars Blue', FALSE, 'no');
INSERT INTO PRODUCTS (ID, REFERENCE, CODE, CODETYPE, NAME, PRICEBUY, PRICESELL, CATEGORY, TAXCAT, ISCOM, ISSCALE, ISKITCHEN, ISSERVICE, ISVPRICE, WARRANTY, STOCKUNITS, CANDISCOUNT, ALIAS, ALWAYSAVAILABLE, DISCOUNTED) VALUES ('1b3346131e2542008725f5e2a15ea715', '22382', '2238200000000', 'EAN-13', 'Lunch Bag Spaceboy Design', 1.2, 2.0, '1e0dd86a9cab4423bb7c899761d6064d', '9dd70548adb84cb6ba2bde70daa9e7e8', FALSE, FALSE, FALSE, FALSE, FALSE, FALSE, 100, TRUE, 'Lunch Bag Spaceboy Design', FALSE, 'no');
INSERT INTO PRODUCTS (ID, REFERENCE, CODE, CODETYPE, NAME, PRICEBUY, PRICESELL, CATEGORY, TAXCAT, ISCOM, ISSCALE, ISKITCHEN, ISSERVICE, ISVPRICE, WARRANTY, STOCKUNITS, CANDISCOUNT, ALIAS, ALWAYSAVAILABLE, DISCOUNTED) VALUES ('48542234bc1b4020879a23014bbf3ab3', '22961', '2296100000000', 'EAN-13', 'Jam Making Set Printed', 1.14, 1.9, '2933eb4cc17a47cfbd4750d6c522f117', '9dd70548adb84cb6ba2bde70daa9e7e8', FALSE, FALSE, FALSE, FALSE, FALSE, FALSE, 100, TRUE, 'Jam Making Set Printed', FALSE, 'no');
INSERT INTO PRODUCTS (ID, REFERENCE, CODE, CODETYPE, NAME, PRICEBUY, PRICESELL, CATEGORY, TAXCAT, ISCOM, ISSCALE, ISKITCHEN, ISSERVICE, ISVPRICE, WARRANTY, STOCKUNITS, CANDISCOUNT, ALIAS, ALWAYSAVAILABLE, DISCOUNTED) VALUES ('3f8119e87a7b4af2a709a02bbc0a8557', '23298', '2329800000000', 'EAN-13', 'Spotty Bunting', 3.31, 5.51, '14ecec92fc0c4095bfaa984d15e6a815', '9dd70548adb84cb6ba2bde70daa9e7e8', FALSE, FALSE, FALSE, FALSE, FALSE, FALSE, 100, TRUE, 'Spotty Bunting', FALSE, 'no');
INSERT INTO PRODUCTS (ID, REFERENCE, CODE, CODETYPE, NAME, PRICEBUY, PRICESELL, CATEGORY, TAXCAT, ISCOM, ISSCALE, ISKITCHEN, ISSERVICE, ISVPRICE, WARRANTY, STOCKUNITS, CANDISCOUNT, ALIAS, ALWAYSAVAILABLE, DISCOUNTED) VALUES ('947ce760dcbb483683724a3dbac00d0e', '22666', '2266600000000', 'EAN-13', 'Recipe Box Pantry Yellow Design', 2.2, 3.67, '70098e08bf26409488a568a30b7b6b0c', '9dd70548adb84cb6ba2bde70daa9e7e8', FALSE, FALSE, FALSE, FALSE, FALSE, FALSE, 100, TRUE, 'Recipe Box Pantry Yellow Design', FALSE, 'no');
INSERT INTO PRODUCTS (ID, REFERENCE, CODE, CODETYPE, NAME, PRICEBUY, PRICESELL, CATEGORY, TAXCAT, ISCOM, ISSCALE, ISKITCHEN, ISSERVICE, ISVPRICE, WARRANTY, STOCKUNITS, CANDISCOUNT, ALIAS, ALWAYSAVAILABLE, DISCOUNTED) VALUES ('12b1c0244ff2477f8913b1d3639f7068', '22384', '2238400000000', 'EAN-13', 'Lunch Bag Pink Polkadot', 1.21, 2.02, '1e0dd86a9cab4423bb7c899761d6064d', '9dd70548adb84cb6ba2bde70daa9e7e8', FALSE, FALSE, FALSE, FALSE, FALSE, FALSE, 100, TRUE, 'Lunch Bag Pink Polkadot', FALSE, 'no');
INSERT INTO PRODUCTS (ID, REFERENCE, CODE, CODETYPE, NAME, PRICEBUY, PRICESELL, CATEGORY, TAXCAT, ISCOM, ISSCALE, ISKITCHEN, ISSERVICE, ISVPRICE, WARRANTY, STOCKUNITS, CANDISCOUNT, ALIAS, ALWAYSAVAILABLE, DISCOUNTED) VALUES ('34f33feac2c54bf09c18ee648c22c0c5', '22699', '2269900000000', 'EAN-13', 'Roses Regency Teacup And Saucer', 2.17, 3.62, '14ecec92fc0c4095bfaa984d15e6a815', '9dd70548adb84cb6ba2bde70daa9e7e8', FALSE, FALSE, FALSE, FALSE, FALSE, FALSE, 100, TRUE, 'Roses Regency Teacup And Saucer', FALSE, 'no');
INSERT INTO PRODUCTS (ID, REFERENCE, CODE, CODETYPE, NAME, PRICEBUY, PRICESELL, CATEGORY, TAXCAT, ISCOM, ISSCALE, ISKITCHEN, ISSERVICE, ISVPRICE, WARRANTY, STOCKUNITS, CANDISCOUNT, ALIAS, ALWAYSAVAILABLE, DISCOUNTED) VALUES ('847807c841584829825905c7fa779d54', '23209', '2320900000000', 'EAN-13', 'Lunch Bag Doiley Pattern', 1.09, 1.82, '1e0dd86a9cab4423bb7c899761d6064d', '9dd70548adb84cb6ba2bde70daa9e7e8', FALSE, FALSE, FALSE, FALSE, FALSE, FALSE, 100, TRUE, 'Lunch Bag Doiley Pattern', FALSE, 'no');
INSERT INTO PRODUCTS (ID, REFERENCE, CODE, CODETYPE, NAME, PRICEBUY, PRICESELL, CATEGORY, TAXCAT, ISCOM, ISSCALE, ISKITCHEN, ISSERVICE, ISVPRICE, WARRANTY, STOCKUNITS, CANDISCOUNT, ALIAS, ALWAYSAVAILABLE, DISCOUNTED) VALUES ('71ad38a6ffaa4b4b8fffef7ffc9150ed', '82482', '8248200000000', 'EAN-13', 'Wooden Picture Frame White Finish', 1.86, 3.09, '75c77c008fa840689edd7893254208f1', '9dd70548adb84cb6ba2bde70daa9e7e8', FALSE, FALSE, FALSE, FALSE, FALSE, FALSE, 100, TRUE, 'Wooden Picture Frame White Finish', FALSE, 'no');
INSERT INTO PRODUCTS (ID, REFERENCE, CODE, CODETYPE, NAME, PRICEBUY, PRICESELL, CATEGORY, TAXCAT, ISCOM, ISSCALE, ISKITCHEN, ISSERVICE, ISVPRICE, WARRANTY, STOCKUNITS, CANDISCOUNT, ALIAS, ALWAYSAVAILABLE, DISCOUNTED) VALUES ('859edbce542341e7a69c68295724e4ac', '22993', '2299300000000', 'EAN-13', 'Set Of 4 Pantry Jelly Moulds', 0.9, 1.49, '2933eb4cc17a47cfbd4750d6c522f117', '9dd70548adb84cb6ba2bde70daa9e7e8', FALSE, FALSE, FALSE, FALSE, FALSE, FALSE, 100, TRUE, 'Set Of 4 Pantry Jelly Moulds', FALSE, 'no');
INSERT INTO PRODUCTS (ID, REFERENCE, CODE, CODETYPE, NAME, PRICEBUY, PRICESELL, CATEGORY, TAXCAT, ISCOM, ISSCALE, ISKITCHEN, ISSERVICE, ISVPRICE, WARRANTY, STOCKUNITS, CANDISCOUNT, ALIAS, ALWAYSAVAILABLE, DISCOUNTED) VALUES ('c5b78b55491d473aa459147703c0c846', '22727', '2272700000000', 'EAN-13', 'Alarm Clock Bakelike Red', 2.62, 4.37, '75c77c008fa840689edd7893254208f1', '9dd70548adb84cb6ba2bde70daa9e7e8', FALSE, FALSE, FALSE, FALSE, FALSE, FALSE, 100, TRUE, 'Alarm Clock Bakelike Red', FALSE, 'no');
INSERT INTO PRODUCTS (ID, REFERENCE, CODE, CODETYPE, NAME, PRICEBUY, PRICESELL, CATEGORY, TAXCAT, ISCOM, ISSCALE, ISKITCHEN, ISSERVICE, ISVPRICE, WARRANTY, STOCKUNITS, CANDISCOUNT, ALIAS, ALWAYSAVAILABLE, DISCOUNTED) VALUES ('427f9344e171419596193611d49c10b1', '23206', '2320600000000', 'EAN-13', 'Lunch Bag Apple Design', 1.23, 2.05, '1e0dd86a9cab4423bb7c899761d6064d', '9dd70548adb84cb6ba2bde70daa9e7e8', FALSE, FALSE, FALSE, FALSE, FALSE, FALSE, 100, TRUE, 'Lunch Bag Apple Design', FALSE, 'no');
INSERT INTO PRODUCTS (ID, REFERENCE, CODE, CODETYPE, NAME, PRICEBUY, PRICESELL, CATEGORY, TAXCAT, ISCOM, ISSCALE, ISKITCHEN, ISSERVICE, ISVPRICE, WARRANTY, STOCKUNITS, CANDISCOUNT, ALIAS, ALWAYSAVAILABLE, DISCOUNTED) VALUES ('2e1da8fea2a6455ba65099ae4f47ecc5', '22697', '2269700000000', 'EAN-13', 'Green Regency Teacup And Saucer', 2.27, 3.78, '14ecec92fc0c4095bfaa984d15e6a815', '9dd70548adb84cb6ba2bde70daa9e7e8', FALSE, FALSE, FALSE, FALSE, FALSE, FALSE, 100, TRUE, 'Green Regency Teacup And Saucer', FALSE, 'no');
INSERT INTO PRODUCTS (ID, REFERENCE, CODE, CODETYPE, NAME, PRICEBUY, PRICESELL, CATEGORY, TAXCAT, ISCOM, ISSCALE, ISKITCHEN, ISSERVICE, ISVPRICE, WARRANTY, STOCKUNITS, CANDISCOUNT, ALIAS, ALWAYSAVAILABLE, DISCOUNTED) VALUES ('8bfa115d7c12450d9beca79f4ef7989f', '22178', '2217800000000', 'EAN-13', 'Victorian Glass Hanging T-Light', 0.99, 1.65, '4ab3ea0d42844609ab64a7a11441c5fe', '9dd70548adb84cb6ba2bde70daa9e7e8', FALSE, FALSE, FALSE, FALSE, FALSE, FALSE, 100, TRUE, 'Victorian Glass Hanging T-Light', FALSE, 'no');
INSERT INTO PRODUCTS (ID, REFERENCE, CODE, CODETYPE, NAME, PRICEBUY, PRICESELL, CATEGORY, TAXCAT, ISCOM, ISSCALE, ISKITCHEN, ISSERVICE, ISVPRICE, WARRANTY, STOCKUNITS, CANDISCOUNT, ALIAS, ALWAYSAVAILABLE, DISCOUNTED) VALUES ('8a0016794cb64d4d87effcb8ca800cca', '20724', '2072400000000', 'EAN-13', 'Red Retrospot Charlotte Bag', 0.68, 1.14, '1e0dd86a9cab4423bb7c899761d6064d', '9dd70548adb84cb6ba2bde70daa9e7e8', FALSE, FALSE, FALSE, FALSE, FALSE, FALSE, 100, TRUE, 'Red Retrospot Charlotte Bag', FALSE, 'no');
INSERT INTO PRODUCTS (ID, REFERENCE, CODE, CODETYPE, NAME, PRICEBUY, PRICESELL, CATEGORY, TAXCAT, ISCOM, ISSCALE, ISKITCHEN, ISSERVICE, ISVPRICE, WARRANTY, STOCKUNITS, CANDISCOUNT, ALIAS, ALWAYSAVAILABLE, DISCOUNTED) VALUES ('d5dccdfa36004422a0ce34a88590ca4f', '20726', '2072600000000', 'EAN-13', 'Lunch Bag Woodland', 1.3, 2.17, '1e0dd86a9cab4423bb7c899761d6064d', '9dd70548adb84cb6ba2bde70daa9e7e8', FALSE, FALSE, FALSE, FALSE, FALSE, FALSE, 100, TRUE, 'Lunch Bag Woodland', FALSE, 'no');
INSERT INTO PRODUCTS (ID, REFERENCE, CODE, CODETYPE, NAME, PRICEBUY, PRICESELL, CATEGORY, TAXCAT, ISCOM, ISSCALE, ISKITCHEN, ISSERVICE, ISVPRICE, WARRANTY, STOCKUNITS, CANDISCOUNT, ALIAS, ALWAYSAVAILABLE, DISCOUNTED) VALUES ('97e38724fa4b454da5f293cb52a6e8de', '23084', '2308400000000', 'EAN-13', 'Rabbit Night Light', 1.43, 2.38, '4ab3ea0d42844609ab64a7a11441c5fe', '9dd70548adb84cb6ba2bde70daa9e7e8', FALSE, FALSE, FALSE, FALSE, FALSE, FALSE, 100, TRUE, 'Rabbit Night Light', FALSE, 'no');
INSERT INTO PRODUCTS (ID, REFERENCE, CODE, CODETYPE, NAME, PRICEBUY, PRICESELL, CATEGORY, TAXCAT, ISCOM, ISSCALE, ISKITCHEN, ISSERVICE, ISVPRICE, WARRANTY, STOCKUNITS, CANDISCOUNT, ALIAS, ALWAYSAVAILABLE, DISCOUNTED) VALUES ('703223ab160e4317ab4b8ff89828a009', '22726', '2272600000000', 'EAN-13', 'Alarm Clock Bakelike Green', 2.71, 4.51, '75c77c008fa840689edd7893254208f1', '9dd70548adb84cb6ba2bde70daa9e7e8', FALSE, FALSE, FALSE, FALSE, FALSE, FALSE, 100, TRUE, 'Alarm Clock Bakelike Green', FALSE, 'no');
INSERT INTO PRODUCTS (ID, REFERENCE, CODE, CODETYPE, NAME, PRICEBUY, PRICESELL, CATEGORY, TAXCAT, ISCOM, ISSCALE, ISKITCHEN, ISSERVICE, ISVPRICE, WARRANTY, STOCKUNITS, CANDISCOUNT, ALIAS, ALWAYSAVAILABLE, DISCOUNTED) VALUES ('2c992cab76e04918af2f71f868698b45', '21080', '2108000000000', 'EAN-13', 'Set/20 Red Retrospot Paper Napkins', 0.65, 1.09, '9ea3c7c6c28b4ff68e6c2e4f9eaacd45', '9dd70548adb84cb6ba2bde70daa9e7e8', FALSE, FALSE, FALSE, FALSE, FALSE, FALSE, 100, TRUE, 'Set/20 Red Retrospot Paper Napkins', FALSE, 'no');
INSERT INTO PRODUCTS (ID, REFERENCE, CODE, CODETYPE, NAME, PRICEBUY, PRICESELL, CATEGORY, TAXCAT, ISCOM, ISSCALE, ISKITCHEN, ISSERVICE, ISVPRICE, WARRANTY, STOCKUNITS, CANDISCOUNT, ALIAS, ALWAYSAVAILABLE, DISCOUNTED) VALUES ('2b6df06962794940a0b3f1930f798538', '23199', '2319900000000', 'EAN-13', 'Jumbo Bag Apples', 1.53, 2.56, '1e0dd86a9cab4423bb7c899761d6064d', '9dd70548adb84cb6ba2bde70daa9e7e8', FALSE, FALSE, FALSE, FALSE, FALSE, FALSE, 100, TRUE, 'Jumbo Bag Apples', FALSE, 'no');
INSERT INTO PRODUCTS (ID, REFERENCE, CODE, CODETYPE, NAME, PRICEBUY, PRICESELL, CATEGORY, TAXCAT, ISCOM, ISSCALE, ISKITCHEN, ISSERVICE, ISVPRICE, WARRANTY, STOCKUNITS, CANDISCOUNT, ALIAS, ALWAYSAVAILABLE, DISCOUNTED) VALUES ('ca14c955b0c94b06afc364f1bb78bd4c', '22139', '2213900000000', 'EAN-13', 'Retrospot Tea Set Ceramic 11 Pc', 3.43, 5.71, '2933eb4cc17a47cfbd4750d6c522f117', '9dd70548adb84cb6ba2bde70daa9e7e8', FALSE, FALSE, FALSE, FALSE, FALSE, FALSE, 100, TRUE, 'Retrospot Tea Set Ceramic 11 Pc', FALSE, 'no');
INSERT INTO PRODUCTS (ID, REFERENCE, CODE, CODETYPE, NAME, PRICEBUY, PRICESELL, CATEGORY, TAXCAT, ISCOM, ISSCALE, ISKITCHEN, ISSERVICE, ISVPRICE, WARRANTY, STOCKUNITS, CANDISCOUNT, ALIAS, ALWAYSAVAILABLE, DISCOUNTED) VALUES ('efe08d5db3bb4b70b68f47796db4d7d3', '22077', '2207700000000', 'EAN-13', '6 Ribbons Rustic Charm', 1.32, 2.2, '9ea3c7c6c28b4ff68e6c2e4f9eaacd45', '9dd70548adb84cb6ba2bde70daa9e7e8', FALSE, FALSE, FALSE, FALSE, FALSE, FALSE, 100, TRUE, '6 Ribbons Rustic Charm', FALSE, 'no');
INSERT INTO PRODUCTS (ID, REFERENCE, CODE, CODETYPE, NAME, PRICEBUY, PRICESELL, CATEGORY, TAXCAT, ISCOM, ISSCALE, ISKITCHEN, ISSERVICE, ISVPRICE, WARRANTY, STOCKUNITS, CANDISCOUNT, ALIAS, ALWAYSAVAILABLE, DISCOUNTED) VALUES ('1fbaef3988b84e1ca233ba3ab422187a', '22138', '2213800000000', 'EAN-13', 'Baking Set 9 Piece Retrospot', 3.2, 5.33, '2933eb4cc17a47cfbd4750d6c522f117', '9dd70548adb84cb6ba2bde70daa9e7e8', FALSE, FALSE, FALSE, FALSE, FALSE, FALSE, 100, TRUE, 'Baking Set 9 Piece Retrospot', FALSE, 'no');
INSERT INTO PRODUCTS (ID, REFERENCE, CODE, CODETYPE, NAME, PRICEBUY, PRICESELL, CATEGORY, TAXCAT, ISCOM, ISSCALE, ISKITCHEN, ISSERVICE, ISVPRICE, WARRANTY, STOCKUNITS, CANDISCOUNT, ALIAS, ALWAYSAVAILABLE, DISCOUNTED) VALUES ('628945313bf34fcb9078a9abbc5e7b82', '21034', '2103400000000', 'EAN-13', 'Rex Cash+Carry Jumbo Shopper', 0.57, 0.95, '1e0dd86a9cab4423bb7c899761d6064d', '9dd70548adb84cb6ba2bde70daa9e7e8', FALSE, FALSE, FALSE, FALSE, FALSE, FALSE, 100, TRUE, 'Rex Cash+Carry Jumbo Shopper', FALSE, 'no');
INSERT INTO PRODUCTS (ID, REFERENCE, CODE, CODETYPE, NAME, PRICEBUY, PRICESELL, CATEGORY, TAXCAT, ISCOM, ISSCALE, ISKITCHEN, ISSERVICE, ISVPRICE, WARRANTY, STOCKUNITS, CANDISCOUNT, ALIAS, ALWAYSAVAILABLE, DISCOUNTED) VALUES ('87c3e95c5abb499ab168829dff23fa80', '85099C', '8509900000000', 'EAN-13', 'Jumbo  Bag Baroque Black White', 1.56, 2.59, '1e0dd86a9cab4423bb7c899761d6064d', '9dd70548adb84cb6ba2bde70daa9e7e8', FALSE, FALSE, FALSE, FALSE, FALSE, FALSE, 100, TRUE, 'Jumbo  Bag Baroque Black White', FALSE, 'no');
INSERT INTO PRODUCTS (ID, REFERENCE, CODE, CODETYPE, NAME, PRICEBUY, PRICESELL, CATEGORY, TAXCAT, ISCOM, ISSCALE, ISKITCHEN, ISSERVICE, ISVPRICE, WARRANTY, STOCKUNITS, CANDISCOUNT, ALIAS, ALWAYSAVAILABLE, DISCOUNTED) VALUES ('df1436511a3c4e85b2613b170f6ff66c', '22470', '2247000000000', 'EAN-13', 'Heart Of Wicker Large', 1.97, 3.28, '2933eb4cc17a47cfbd4750d6c522f117', '9dd70548adb84cb6ba2bde70daa9e7e8', FALSE, FALSE, FALSE, FALSE, FALSE, FALSE, 100, TRUE, 'Heart Of Wicker Large', FALSE, 'no');
INSERT INTO PRODUCTS (ID, REFERENCE, CODE, CODETYPE, NAME, PRICEBUY, PRICESELL, CATEGORY, TAXCAT, ISCOM, ISSCALE, ISKITCHEN, ISSERVICE, ISVPRICE, WARRANTY, STOCKUNITS, CANDISCOUNT, ALIAS, ALWAYSAVAILABLE, DISCOUNTED) VALUES ('d8f52929fcc846a8a6f5ad93daf0a274', '84946', '8494600000000', 'EAN-13', 'Antique Silver Tea Glass Etched', 0.91, 1.52, '14ecec92fc0c4095bfaa984d15e6a815', '9dd70548adb84cb6ba2bde70daa9e7e8', FALSE, FALSE, FALSE, FALSE, FALSE, FALSE, 100, TRUE, 'Antique Silver Tea Glass Etched', FALSE, 'no');
INSERT INTO PRODUCTS (ID, REFERENCE, CODE, CODETYPE, NAME, PRICEBUY, PRICESELL, CATEGORY, TAXCAT, ISCOM, ISSCALE, ISKITCHEN, ISSERVICE, ISVPRICE, WARRANTY, STOCKUNITS, CANDISCOUNT, ALIAS, ALWAYSAVAILABLE, DISCOUNTED) VALUES ('ed148d93589f43d096afe5b11cffbfd1', '21790', '2179000000000', 'EAN-13', 'Vintage Snap Cards', 0.61, 1.01, '9ea3c7c6c28b4ff68e6c2e4f9eaacd45', '9dd70548adb84cb6ba2bde70daa9e7e8', FALSE, FALSE, FALSE, FALSE, FALSE, FALSE, 100, TRUE, 'Vintage Snap Cards', FALSE, 'no');
INSERT INTO PRODUCTS (ID, REFERENCE, CODE, CODETYPE, NAME, PRICEBUY, PRICESELL, CATEGORY, TAXCAT, ISCOM, ISSCALE, ISKITCHEN, ISSERVICE, ISVPRICE, WARRANTY, STOCKUNITS, CANDISCOUNT, ALIAS, ALWAYSAVAILABLE, DISCOUNTED) VALUES ('7090a79c55ed408b87850cbb769c52c3', '82494L', '8249400000000', 'EAN-13', 'Wooden Frame Antique White', 1.95, 3.25, '75c77c008fa840689edd7893254208f1', '9dd70548adb84cb6ba2bde70daa9e7e8', FALSE, FALSE, FALSE, FALSE, FALSE, FALSE, 100, TRUE, 'Wooden Frame Antique White', FALSE, 'no');
INSERT INTO PRODUCTS (ID, REFERENCE, CODE, CODETYPE, NAME, PRICEBUY, PRICESELL, CATEGORY, TAXCAT, ISCOM, ISSCALE, ISKITCHEN, ISSERVICE, ISVPRICE, WARRANTY, STOCKUNITS, CANDISCOUNT, ALIAS, ALWAYSAVAILABLE, DISCOUNTED) VALUES ('9b6cc2122a2b4fb2adc7c775594e04ad', '20914', '2091400000000', 'EAN-13', 'Set/5 Red Retrospot Lid Glass Bowls', 1.96, 3.27, '14ecec92fc0c4095bfaa984d15e6a815', '9dd70548adb84cb6ba2bde70daa9e7e8', FALSE, FALSE, FALSE, FALSE, FALSE, FALSE, 100, TRUE, 'Set/5 Red Retrospot Lid Glass Bowls', FALSE, 'no');
INSERT INTO PRODUCTS (ID, REFERENCE, CODE, CODETYPE, NAME, PRICEBUY, PRICESELL, CATEGORY, TAXCAT, ISCOM, ISSCALE, ISKITCHEN, ISSERVICE, ISVPRICE, WARRANTY, STOCKUNITS, CANDISCOUNT, ALIAS, ALWAYSAVAILABLE, DISCOUNTED) VALUES ('93eee975c1824a67ab183dbc8004ff66', '23301', '2330100000000', 'EAN-13', 'Gardeners Kneeling Pad Keep Calm', 1.16, 1.94, 'bddb7124ec664ed7ba4a7ce803e7e95e', '9dd70548adb84cb6ba2bde70daa9e7e8', FALSE, FALSE, FALSE, FALSE, FALSE, FALSE, 100, TRUE, 'Gardeners Kneeling Pad Keep Calm', FALSE, 'no');
INSERT INTO PRODUCTS (ID, REFERENCE, CODE, CODETYPE, NAME, PRICEBUY, PRICESELL, CATEGORY, TAXCAT, ISCOM, ISSCALE, ISKITCHEN, ISSERVICE, ISVPRICE, WARRANTY, STOCKUNITS, CANDISCOUNT, ALIAS, ALWAYSAVAILABLE, DISCOUNTED) VALUES ('c61cbd6c6ec74fb88cf34c5f4fc6b809', '23201', '2320100000000', 'EAN-13', 'Jumbo Bag Alphabet', 1.43, 2.38, '1e0dd86a9cab4423bb7c899761d6064d', '9dd70548adb84cb6ba2bde70daa9e7e8', FALSE, FALSE, FALSE, FALSE, FALSE, FALSE, 100, TRUE, 'Jumbo Bag Alphabet', FALSE, 'no');
INSERT INTO PRODUCTS (ID, REFERENCE, CODE, CODETYPE, NAME, PRICEBUY, PRICESELL, CATEGORY, TAXCAT, ISCOM, ISSCALE, ISKITCHEN, ISSERVICE, ISVPRICE, WARRANTY, STOCKUNITS, CANDISCOUNT, ALIAS, ALWAYSAVAILABLE, DISCOUNTED) VALUES ('4fdca159cd5b4cf297365d11bd5bd180', '22629', '2262900000000', 'EAN-13', 'Spaceboy Lunch Box', 1.31, 2.19, '70098e08bf26409488a568a30b7b6b0c', '9dd70548adb84cb6ba2bde70daa9e7e8', FALSE, FALSE, FALSE, FALSE, FALSE, FALSE, 100, TRUE, 'Spaceboy Lunch Box', FALSE, 'no');
INSERT INTO PRODUCTS (ID, REFERENCE, CODE, CODETYPE, NAME, PRICEBUY, PRICESELL, CATEGORY, TAXCAT, ISCOM, ISSCALE, ISKITCHEN, ISSERVICE, ISVPRICE, WARRANTY, STOCKUNITS, CANDISCOUNT, ALIAS, ALWAYSAVAILABLE, DISCOUNTED) VALUES ('d64da738749c438784a7c443a0282db8', '23245', '2324500000000', 'EAN-13', 'Set Of 3 Regency Cake Tins', 3.5, 5.84, '14ecec92fc0c4095bfaa984d15e6a815', '9dd70548adb84cb6ba2bde70daa9e7e8', FALSE, FALSE, FALSE, FALSE, FALSE, FALSE, 100, TRUE, 'Set Of 3 Regency Cake Tins', FALSE, 'no');
INSERT INTO PRODUCTS (ID, REFERENCE, CODE, CODETYPE, NAME, PRICEBUY, PRICESELL, CATEGORY, TAXCAT, ISCOM, ISSCALE, ISKITCHEN, ISSERVICE, ISVPRICE, WARRANTY, STOCKUNITS, CANDISCOUNT, ALIAS, ALWAYSAVAILABLE, DISCOUNTED) VALUES ('dd615567437d4c6694ba056afc3dea1a', '22355', '2235500000000', 'EAN-13', 'Charlotte Bag Suki Design', 0.72, 1.21, '1e0dd86a9cab4423bb7c899761d6064d', '9dd70548adb84cb6ba2bde70daa9e7e8', FALSE, FALSE, FALSE, FALSE, FALSE, FALSE, 100, TRUE, 'Charlotte Bag Suki Design', FALSE, 'no');
INSERT INTO PRODUCTS (ID, REFERENCE, CODE, CODETYPE, NAME, PRICEBUY, PRICESELL, CATEGORY, TAXCAT, ISCOM, ISSCALE, ISKITCHEN, ISSERVICE, ISVPRICE, WARRANTY, STOCKUNITS, CANDISCOUNT, ALIAS, ALWAYSAVAILABLE, DISCOUNTED) VALUES ('067175fa870a405f946b2e9ff854e951', '21232', '2123200000000', 'EAN-13', 'Strawberry Ceramic Trinket Box', 0.99, 1.64, '70098e08bf26409488a568a30b7b6b0c', '9dd70548adb84cb6ba2bde70daa9e7e8', FALSE, FALSE, FALSE, FALSE, FALSE, FALSE, 100, TRUE, 'Strawberry Ceramic Trinket Box', FALSE, 'no');
INSERT INTO PRODUCTS (ID, REFERENCE, CODE, CODETYPE, NAME, PRICEBUY, PRICESELL, CATEGORY, TAXCAT, ISCOM, ISSCALE, ISKITCHEN, ISSERVICE, ISVPRICE, WARRANTY, STOCKUNITS, CANDISCOUNT, ALIAS, ALWAYSAVAILABLE, DISCOUNTED) VALUES ('3837e300cef244e6ad681fad62148dc0', '21977', '2197700000000', 'EAN-13', 'Pack Of 60 Pink Paisley Cake Cases', 0.44, 0.74, '70098e08bf26409488a568a30b7b6b0c', '9dd70548adb84cb6ba2bde70daa9e7e8', FALSE, FALSE, FALSE, FALSE, FALSE, FALSE, 100, TRUE, 'Pack Of 60 Pink Paisley Cake Cases', FALSE, 'no');
INSERT INTO PRODUCTS (ID, REFERENCE, CODE, CODETYPE, NAME, PRICEBUY, PRICESELL, CATEGORY, TAXCAT, ISCOM, ISSCALE, ISKITCHEN, ISSERVICE, ISVPRICE, WARRANTY, STOCKUNITS, CANDISCOUNT, ALIAS, ALWAYSAVAILABLE, DISCOUNTED) VALUES ('013aa839580547ef854315f8055a8658', '23202', '2320200000000', 'EAN-13', 'Jumbo Bag Vintage Leaf', 1.38, 2.29, '1e0dd86a9cab4423bb7c899761d6064d', '9dd70548adb84cb6ba2bde70daa9e7e8', FALSE, FALSE, FALSE, FALSE, FALSE, FALSE, 100, TRUE, 'Jumbo Bag Vintage Leaf', FALSE, 'no');
INSERT INTO PRODUCTS (ID, REFERENCE, CODE, CODETYPE, NAME, PRICEBUY, PRICESELL, CATEGORY, TAXCAT, ISCOM, ISSCALE, ISKITCHEN, ISSERVICE, ISVPRICE, WARRANTY, STOCKUNITS, CANDISCOUNT, ALIAS, ALWAYSAVAILABLE, DISCOUNTED) VALUES ('f742282e338b48afa857126eff771875', '22112', '2211200000000', 'EAN-13', 'Chocolate Hot Water Bottle', 3.63, 6.05, '14ecec92fc0c4095bfaa984d15e6a815', '9dd70548adb84cb6ba2bde70daa9e7e8', FALSE, FALSE, FALSE, FALSE, FALSE, FALSE, 100, TRUE, 'Chocolate Hot Water Bottle', FALSE, 'no');
INSERT INTO PRODUCTS (ID, REFERENCE, CODE, CODETYPE, NAME, PRICEBUY, PRICESELL, CATEGORY, TAXCAT, ISCOM, ISSCALE, ISKITCHEN, ISSERVICE, ISVPRICE, WARRANTY, STOCKUNITS, CANDISCOUNT, ALIAS, ALWAYSAVAILABLE, DISCOUNTED) VALUES ('6ff8afe3fb7f46cbac68eac4677b8135', '21929', '2192900000000', 'EAN-13', 'Jumbo Bag Pink Vintage Paisley', 1.6, 2.67, '1e0dd86a9cab4423bb7c899761d6064d', '9dd70548adb84cb6ba2bde70daa9e7e8', FALSE, FALSE, FALSE, FALSE, FALSE, FALSE, 100, TRUE, 'Jumbo Bag Pink Vintage Paisley', FALSE, 'no');
INSERT INTO PRODUCTS (ID, REFERENCE, CODE, CODETYPE, NAME, PRICEBUY, PRICESELL, CATEGORY, TAXCAT, ISCOM, ISSCALE, ISKITCHEN, ISSERVICE, ISVPRICE, WARRANTY, STOCKUNITS, CANDISCOUNT, ALIAS, ALWAYSAVAILABLE, DISCOUNTED) VALUES ('023baf7d84524f0ea5b4f41ba4302561', '22630', '2263000000000', 'EAN-13', 'Dolly Girl Lunch Box', 1.39, 2.32, '70098e08bf26409488a568a30b7b6b0c', '9dd70548adb84cb6ba2bde70daa9e7e8', FALSE, FALSE, FALSE, FALSE, FALSE, FALSE, 100, TRUE, 'Dolly Girl Lunch Box', FALSE, 'no');
INSERT INTO PRODUCTS (ID, REFERENCE, CODE, CODETYPE, NAME, PRICEBUY, PRICESELL, CATEGORY, TAXCAT, ISCOM, ISSCALE, ISKITCHEN, ISSERVICE, ISVPRICE, WARRANTY, STOCKUNITS, CANDISCOUNT, ALIAS, ALWAYSAVAILABLE, DISCOUNTED) VALUES ('699490a413d6456291bd64805e540676', '20712', '2071200000000', 'EAN-13', 'Jumbo Bag Woodland Animals', 1.75, 2.92, '1e0dd86a9cab4423bb7c899761d6064d', '9dd70548adb84cb6ba2bde70daa9e7e8', FALSE, FALSE, FALSE, FALSE, FALSE, FALSE, 100, TRUE, 'Jumbo Bag Woodland Animals', FALSE, 'no');
INSERT INTO PRODUCTS (ID, REFERENCE, CODE, CODETYPE, NAME, PRICEBUY, PRICESELL, CATEGORY, TAXCAT, ISCOM, ISSCALE, ISKITCHEN, ISSERVICE, ISVPRICE, WARRANTY, STOCKUNITS, CANDISCOUNT, ALIAS, ALWAYSAVAILABLE, DISCOUNTED) VALUES ('7e5fc2e52f9648c29fb286ef729bd9d2', '21181', '2118100000000', 'EAN-13', 'Please One Person Metal Sign', 1.45, 2.42, '2933eb4cc17a47cfbd4750d6c522f117', '9dd70548adb84cb6ba2bde70daa9e7e8', FALSE, FALSE, FALSE, FALSE, FALSE, FALSE, 100, TRUE, 'Please One Person Metal Sign', FALSE, 'no');
INSERT INTO PRODUCTS (ID, REFERENCE, CODE, CODETYPE, NAME, PRICEBUY, PRICESELL, CATEGORY, TAXCAT, ISCOM, ISSCALE, ISKITCHEN, ISSERVICE, ISVPRICE, WARRANTY, STOCKUNITS, CANDISCOUNT, ALIAS, ALWAYSAVAILABLE, DISCOUNTED) VALUES ('bf38e91fb15945a39b7e1cedcd0d0a17', '21731', '2173100000000', 'EAN-13', 'Red Toadstool Led Night Light', 1.42, 2.37, '4ab3ea0d42844609ab64a7a11441c5fe', '9dd70548adb84cb6ba2bde70daa9e7e8', FALSE, FALSE, FALSE, FALSE, FALSE, FALSE, 100, TRUE, 'Red Toadstool Led Night Light', FALSE, 'no');
INSERT INTO PRODUCTS (ID, REFERENCE, CODE, CODETYPE, NAME, PRICEBUY, PRICESELL, CATEGORY, TAXCAT, ISCOM, ISSCALE, ISKITCHEN, ISSERVICE, ISVPRICE, WARRANTY, STOCKUNITS, CANDISCOUNT, ALIAS, ALWAYSAVAILABLE, DISCOUNTED) VALUES ('da12f69fb26148d6bee981a2b615d532', '84991', '8499100000000', 'EAN-13', '60 Teatime Fairy Cake Cases', 0.41, 0.69, '70098e08bf26409488a568a30b7b6b0c', '9dd70548adb84cb6ba2bde70daa9e7e8', FALSE, FALSE, FALSE, FALSE, FALSE, FALSE, 100, TRUE, '60 Teatime Fairy Cake Cases', FALSE, 'no');
INSERT INTO PRODUCTS (ID, REFERENCE, CODE, CODETYPE, NAME, PRICEBUY, PRICESELL, CATEGORY, TAXCAT, ISCOM, ISSCALE, ISKITCHEN, ISSERVICE, ISVPRICE, WARRANTY, STOCKUNITS, CANDISCOUNT, ALIAS, ALWAYSAVAILABLE, DISCOUNTED) VALUES ('d7795a7da71949c6856b1df1202679c3', '22722', '2272200000000', 'EAN-13', 'Set Of 6 Spice Tins Pantry Design', 2.79, 4.66, '14ecec92fc0c4095bfaa984d15e6a815', '9dd70548adb84cb6ba2bde70daa9e7e8', FALSE, FALSE, FALSE, FALSE, FALSE, FALSE, 100, TRUE, 'Set Of 6 Spice Tins Pantry Design', FALSE, 'no');
INSERT INTO PRODUCTS (ID, REFERENCE, CODE, CODETYPE, NAME, PRICEBUY, PRICESELL, CATEGORY, TAXCAT, ISCOM, ISSCALE, ISKITCHEN, ISSERVICE, ISVPRICE, WARRANTY, STOCKUNITS, CANDISCOUNT, ALIAS, ALWAYSAVAILABLE, DISCOUNTED) VALUES ('0708dc3c005d4d8598a193b25f736e78', '20719', '2071900000000', 'EAN-13', 'Woodland Charlotte Bag', 0.72, 1.2, '1e0dd86a9cab4423bb7c899761d6064d', '9dd70548adb84cb6ba2bde70daa9e7e8', FALSE, FALSE, FALSE, FALSE, FALSE, FALSE, 100, TRUE, 'Woodland Charlotte Bag', FALSE, 'no');
INSERT INTO PRODUCTS (ID, REFERENCE, CODE, CODETYPE, NAME, PRICEBUY, PRICESELL, CATEGORY, TAXCAT, ISCOM, ISSCALE, ISKITCHEN, ISSERVICE, ISVPRICE, WARRANTY, STOCKUNITS, CANDISCOUNT, ALIAS, ALWAYSAVAILABLE, DISCOUNTED) VALUES ('cc12927afed34c48a3c49e32f9267cc7', '22910', '2291000000000', 'EAN-13', 'Paper Chain Kit Vintage Christmas', 2.01, 3.36, '9ea3c7c6c28b4ff68e6c2e4f9eaacd45', '9dd70548adb84cb6ba2bde70daa9e7e8', FALSE, FALSE, FALSE, FALSE, FALSE, FALSE, 100, TRUE, 'Paper Chain Kit Vintage Christmas', FALSE, 'no');
INSERT INTO PRODUCTS (ID, REFERENCE, CODE, CODETYPE, NAME, PRICEBUY, PRICESELL, CATEGORY, TAXCAT, ISCOM, ISSCALE, ISKITCHEN, ISSERVICE, ISVPRICE, WARRANTY, STOCKUNITS, CANDISCOUNT, ALIAS, ALWAYSAVAILABLE, DISCOUNTED) VALUES ('f09f0b59a70043fba0ce3d5604d10e8f', '85099F', '8509900000000', 'EAN-13', 'Jumbo Bag Strawberry', 1.42, 2.37, '1e0dd86a9cab4423bb7c899761d6064d', '9dd70548adb84cb6ba2bde70daa9e7e8', FALSE, FALSE, FALSE, FALSE, FALSE, FALSE, 100, TRUE, 'Jumbo Bag Strawberry', FALSE, 'no');
INSERT INTO PRODUCTS (ID, REFERENCE, CODE, CODETYPE, NAME, PRICEBUY, PRICESELL, CATEGORY, TAXCAT, ISCOM, ISSCALE, ISKITCHEN, ISSERVICE, ISVPRICE, WARRANTY, STOCKUNITS, CANDISCOUNT, ALIAS, ALWAYSAVAILABLE, DISCOUNTED) VALUES ('996c6042ac9d47538bc6ce73c2be900e', '22698', '2269800000000', 'EAN-13', 'Pink Regency Teacup And Saucer', 2.19, 3.65, '14ecec92fc0c4095bfaa984d15e6a815', '9dd70548adb84cb6ba2bde70daa9e7e8', FALSE, FALSE, FALSE, FALSE, FALSE, FALSE, 100, TRUE, 'Pink Regency Teacup And Saucer', FALSE, 'no');
INSERT INTO PRODUCTS (ID, REFERENCE, CODE, CODETYPE, NAME, PRICEBUY, PRICESELL, CATEGORY, TAXCAT, ISCOM, ISSCALE, ISKITCHEN, ISSERVICE, ISVPRICE, WARRANTY, STOCKUNITS, CANDISCOUNT, ALIAS, ALWAYSAVAILABLE, DISCOUNTED) VALUES ('1d6990c494f244289acb68d857b109ba', '21175', '2117500000000', 'EAN-13', 'Gin + Tonic Diet Metal Sign', 1.66, 2.76, '2933eb4cc17a47cfbd4750d6c522f117', '9dd70548adb84cb6ba2bde70daa9e7e8', FALSE, FALSE, FALSE, FALSE, FALSE, FALSE, 100, TRUE, 'Gin + Tonic Diet Metal Sign', FALSE, 'no');
INSERT INTO PRODUCTS (ID, REFERENCE, CODE, CODETYPE, NAME, PRICEBUY, PRICESELL, CATEGORY, TAXCAT, ISCOM, ISSCALE, ISKITCHEN, ISSERVICE, ISVPRICE, WARRANTY, STOCKUNITS, CANDISCOUNT, ALIAS, ALWAYSAVAILABLE, DISCOUNTED) VALUES ('4ba1cb76b5ca457285854ac3de4f2ed8', '21928', '2192800000000', 'EAN-13', 'Jumbo Bag Scandinavian Paisley', 1.61, 2.68, '1e0dd86a9cab4423bb7c899761d6064d', '9dd70548adb84cb6ba2bde70daa9e7e8', FALSE, FALSE, FALSE, FALSE, FALSE, FALSE, 100, TRUE, 'Jumbo Bag Scandinavian Paisley', FALSE, 'no');
INSERT INTO PRODUCTS (ID, REFERENCE, CODE, CODETYPE, NAME, PRICEBUY, PRICESELL, CATEGORY, TAXCAT, ISCOM, ISSCALE, ISKITCHEN, ISSERVICE, ISVPRICE, WARRANTY, STOCKUNITS, CANDISCOUNT, ALIAS, ALWAYSAVAILABLE, DISCOUNTED) VALUES ('29592179b7dc42619d23a497b56a3687', '23355', '2335500000000', 'EAN-13', 'Hot Water Bottle Keep Calm', 3.16, 5.26, '14ecec92fc0c4095bfaa984d15e6a815', '9dd70548adb84cb6ba2bde70daa9e7e8', FALSE, FALSE, FALSE, FALSE, FALSE, FALSE, 100, TRUE, 'Hot Water Bottle Keep Calm', FALSE, 'no');
INSERT INTO PRODUCTS (ID, REFERENCE, CODE, CODETYPE, NAME, PRICEBUY, PRICESELL, CATEGORY, TAXCAT, ISCOM, ISSCALE, ISKITCHEN, ISSERVICE, ISVPRICE, WARRANTY, STOCKUNITS, CANDISCOUNT, ALIAS, ALWAYSAVAILABLE, DISCOUNTED) VALUES ('37233b3e15bc4888aa12008a9b712df2', '22090', '2209000000000', 'EAN-13', 'Paper Bunting Retrospot', 2.26, 3.77, '14ecec92fc0c4095bfaa984d15e6a815', '9dd70548adb84cb6ba2bde70daa9e7e8', FALSE, FALSE, FALSE, FALSE, FALSE, FALSE, 100, TRUE, 'Paper Bunting Retrospot', FALSE, 'no');
INSERT INTO PRODUCTS (ID, REFERENCE, CODE, CODETYPE, NAME, PRICEBUY, PRICESELL, CATEGORY, TAXCAT, ISCOM, ISSCALE, ISKITCHEN, ISSERVICE, ISVPRICE, WARRANTY, STOCKUNITS, CANDISCOUNT, ALIAS, ALWAYSAVAILABLE, DISCOUNTED) VALUES ('b62cef8639dc41748395acdeb596dd28', '22728', '2272800000000', 'EAN-13', 'Alarm Clock Bakelike Pink', 2.74, 4.56, '75c77c008fa840689edd7893254208f1', '9dd70548adb84cb6ba2bde70daa9e7e8', FALSE, FALSE, FALSE, FALSE, FALSE, FALSE, 100, TRUE, 'Alarm Clock Bakelike Pink', FALSE, 'no');
INSERT INTO PRODUCTS (ID, REFERENCE, CODE, CODETYPE, NAME, PRICEBUY, PRICESELL, CATEGORY, TAXCAT, ISCOM, ISSCALE, ISKITCHEN, ISSERVICE, ISVPRICE, WARRANTY, STOCKUNITS, CANDISCOUNT, ALIAS, ALWAYSAVAILABLE, DISCOUNTED) VALUES ('0d4bc750ad184120886b79f2b3748412', '21754', '2175400000000', 'EAN-13', 'Home Building Block Word', 3.97, 6.61, '2933eb4cc17a47cfbd4750d6c522f117', '9dd70548adb84cb6ba2bde70daa9e7e8', FALSE, FALSE, FALSE, FALSE, FALSE, FALSE, 100, TRUE, 'Home Building Block Word', FALSE, 'no');
INSERT INTO PRODUCTS (ID, REFERENCE, CODE, CODETYPE, NAME, PRICEBUY, PRICESELL, CATEGORY, TAXCAT, ISCOM, ISSCALE, ISKITCHEN, ISSERVICE, ISVPRICE, WARRANTY, STOCKUNITS, CANDISCOUNT, ALIAS, ALWAYSAVAILABLE, DISCOUNTED) VALUES ('65ff7aabb96343f097917a39d0db3a34', '22111', '2211100000000', 'EAN-13', 'Scottie Dog Hot Water Bottle', 3.47, 5.78, '14ecec92fc0c4095bfaa984d15e6a815', '9dd70548adb84cb6ba2bde70daa9e7e8', FALSE, FALSE, FALSE, FALSE, FALSE, FALSE, 100, TRUE, 'Scottie Dog Hot Water Bottle', FALSE, 'no');
INSERT INTO PRODUCTS (ID, REFERENCE, CODE, CODETYPE, NAME, PRICEBUY, PRICESELL, CATEGORY, TAXCAT, ISCOM, ISSCALE, ISKITCHEN, ISSERVICE, ISVPRICE, WARRANTY, STOCKUNITS, CANDISCOUNT, ALIAS, ALWAYSAVAILABLE, DISCOUNTED) VALUES ('e3462b5ccf644f6a981b6ba1ad993e87', '22558', '2255800000000', 'EAN-13', 'Clothes Pegs Retrospot Pack 24', 1.1, 1.83, '2933eb4cc17a47cfbd4750d6c522f117', '9dd70548adb84cb6ba2bde70daa9e7e8', FALSE, FALSE, FALSE, FALSE, FALSE, FALSE, 100, TRUE, 'Clothes Pegs Retrospot Pack 24', FALSE, 'no');
INSERT INTO PRODUCTS (ID, REFERENCE, CODE, CODETYPE, NAME, PRICEBUY, PRICESELL, CATEGORY, TAXCAT, ISCOM, ISSCALE, ISKITCHEN, ISSERVICE, ISVPRICE, WARRANTY, STOCKUNITS, CANDISCOUNT, ALIAS, ALWAYSAVAILABLE, DISCOUNTED) VALUES ('dc36562c220e4a999500a68a2fcde6c1', '23207', '2320700000000', 'EAN-13', 'Lunch Bag Alphabet Design', 1.19, 1.98, '1e0dd86a9cab4423bb7c899761d6064d', '9dd70548adb84cb6ba2bde70daa9e7e8', FALSE, FALSE, FALSE, FALSE, FALSE, FALSE, 100, TRUE, 'Lunch Bag Alphabet Design', FALSE, 'no');
INSERT INTO PRODUCTS (ID, REFERENCE, CODE, CODETYPE, NAME, PRICEBUY, PRICESELL, CATEGORY, TAXCAT, ISCOM, ISSCALE, ISKITCHEN, ISSERVICE, ISVPRICE, WARRANTY, STOCKUNITS, CANDISCOUNT, ALIAS, ALWAYSAVAILABLE, DISCOUNTED) VALUES ('0afaf999d4804877a366007f2a0b96cf', '23300', '2330000000000', 'EAN-13', 'Gardeners Kneeling Pad Cup Of Tea', 1.14, 1.9, '14ecec92fc0c4095bfaa984d15e6a815', '9dd70548adb84cb6ba2bde70daa9e7e8', FALSE, FALSE, FALSE, FALSE, FALSE, FALSE, 100, TRUE, 'Gardeners Kneeling Pad Cup Of Tea', FALSE, 'no');
INSERT INTO PRODUCTS (ID, REFERENCE, CODE, CODETYPE, NAME, PRICEBUY, PRICESELL, CATEGORY, TAXCAT, ISCOM, ISSCALE, ISKITCHEN, ISSERVICE, ISVPRICE, WARRANTY, STOCKUNITS, CANDISCOUNT, ALIAS, ALWAYSAVAILABLE, DISCOUNTED) VALUES ('b8c649adc5104ae6a1b6becde6930138', '22356', '2235600000000', 'EAN-13', 'Charlotte Bag Pink Polkadot', 0.74, 1.24, '1e0dd86a9cab4423bb7c899761d6064d', '9dd70548adb84cb6ba2bde70daa9e7e8', FALSE, FALSE, FALSE, FALSE, FALSE, FALSE, 100, TRUE, 'Charlotte Bag Pink Polkadot', FALSE, 'no');
INSERT INTO PRODUCTS (ID, REFERENCE, CODE, CODETYPE, NAME, PRICEBUY, PRICESELL, CATEGORY, TAXCAT, ISCOM, ISSCALE, ISKITCHEN, ISSERVICE, ISVPRICE, WARRANTY, STOCKUNITS, CANDISCOUNT, ALIAS, ALWAYSAVAILABLE, DISCOUNTED) VALUES ('caeeb2f15f014b19b9948348f08c735a', '21733', '2173300000000', 'EAN-13', 'Red Hanging Heart T-Light Holder', 1.89, 3.15, '4ab3ea0d42844609ab64a7a11441c5fe', '9dd70548adb84cb6ba2bde70daa9e7e8', FALSE, FALSE, FALSE, FALSE, FALSE, FALSE, 100, TRUE, 'Red Hanging Heart T-Light Holder', FALSE, 'no');
INSERT INTO PRODUCTS (ID, REFERENCE, CODE, CODETYPE, NAME, PRICEBUY, PRICESELL, CATEGORY, TAXCAT, ISCOM, ISSCALE, ISKITCHEN, ISSERVICE, ISVPRICE, WARRANTY, STOCKUNITS, CANDISCOUNT, ALIAS, ALWAYSAVAILABLE, DISCOUNTED) VALUES ('735a9956702d4969a347b5906a1edfea', '84978', '8497800000000', 'EAN-13', 'Hanging Heart Jar T-Light Holder', 0.88, 1.47, '4ab3ea0d42844609ab64a7a11441c5fe', '9dd70548adb84cb6ba2bde70daa9e7e8', FALSE, FALSE, FALSE, FALSE, FALSE, FALSE, 100, TRUE, 'Hanging Heart Jar T-Light Holder', FALSE, 'no');
INSERT INTO PRODUCTS (ID, REFERENCE, CODE, CODETYPE, NAME, PRICEBUY, PRICESELL, CATEGORY, TAXCAT, ISCOM, ISSCALE, ISKITCHEN, ISSERVICE, ISVPRICE, WARRANTY, STOCKUNITS, CANDISCOUNT, ALIAS, ALWAYSAVAILABLE, DISCOUNTED) VALUES ('0fbcb5e9fe964e0a95ade2f8c217cb39', '22326', '2232600000000', 'EAN-13', 'Round Snack Boxes Set Of4 Woodland', 2.07, 3.45, '70098e08bf26409488a568a30b7b6b0c', '9dd70548adb84cb6ba2bde70daa9e7e8', FALSE, FALSE, FALSE, FALSE, FALSE, FALSE, 100, TRUE, 'Round Snack Boxes Set Of4 Woodland', FALSE, 'no');
INSERT INTO PRODUCTS (ID, REFERENCE, CODE, CODETYPE, NAME, PRICEBUY, PRICESELL, CATEGORY, TAXCAT, ISCOM, ISSCALE, ISKITCHEN, ISSERVICE, ISVPRICE, WARRANTY, STOCKUNITS, CANDISCOUNT, ALIAS, ALWAYSAVAILABLE, DISCOUNTED) VALUES ('75913d26110e4afd8e34c500f2c87da7', '22379', '2237900000000', 'EAN-13', 'Recycling Bag Retrospot', 1.9, 3.17, '1e0dd86a9cab4423bb7c899761d6064d', '9dd70548adb84cb6ba2bde70daa9e7e8', FALSE, FALSE, FALSE, FALSE, FALSE, FALSE, 100, TRUE, 'Recycling Bag Retrospot', FALSE, 'no');
INSERT INTO PRODUCTS (ID, REFERENCE, CODE, CODETYPE, NAME, PRICEBUY, PRICESELL, CATEGORY, TAXCAT, ISCOM, ISSCALE, ISKITCHEN, ISSERVICE, ISVPRICE, WARRANTY, STOCKUNITS, CANDISCOUNT, ALIAS, ALWAYSAVAILABLE, DISCOUNTED) VALUES ('3d91fbff73094c2b8291f0591d8836e6', '22659', '2265900000000', 'EAN-13', 'Lunch Box I Love London', 1.38, 2.3, '70098e08bf26409488a568a30b7b6b0c', '9dd70548adb84cb6ba2bde70daa9e7e8', FALSE, FALSE, FALSE, FALSE, FALSE, FALSE, 100, TRUE, 'Lunch Box I Love London', FALSE, 'no');
INSERT INTO PRODUCTS (ID, REFERENCE, CODE, CODETYPE, NAME, PRICEBUY, PRICESELL, CATEGORY, TAXCAT, ISCOM, ISSCALE, ISKITCHEN, ISSERVICE, ISVPRICE, WARRANTY, STOCKUNITS, CANDISCOUNT, ALIAS, ALWAYSAVAILABLE, DISCOUNTED) VALUES ('28cc8e5f5514410caf099d1362a4f421', '21166', '2116600000000', 'EAN-13', 'Cook With Wine Metal Sign', 1.43, 2.38, '2933eb4cc17a47cfbd4750d6c522f117', '9dd70548adb84cb6ba2bde70daa9e7e8', FALSE, FALSE, FALSE, FALSE, FALSE, FALSE, 100, TRUE, 'Cook With Wine Metal Sign', FALSE, 'no');
INSERT INTO PRODUCTS (ID, REFERENCE, CODE, CODETYPE, NAME, PRICEBUY, PRICESELL, CATEGORY, TAXCAT, ISCOM, ISSCALE, ISKITCHEN, ISSERVICE, ISVPRICE, WARRANTY, STOCKUNITS, CANDISCOUNT, ALIAS, ALWAYSAVAILABLE, DISCOUNTED) VALUES ('3aca4086a47a4fecaddc700bee19937b', '20723', '2072300000000', 'EAN-13', 'Strawberry Charlotte Bag', 0.72, 1.19, '1e0dd86a9cab4423bb7c899761d6064d', '9dd70548adb84cb6ba2bde70daa9e7e8', FALSE, FALSE, FALSE, FALSE, FALSE, FALSE, 100, TRUE, 'Strawberry Charlotte Bag', FALSE, 'no');
INSERT INTO PRODUCTS (ID, REFERENCE, CODE, CODETYPE, NAME, PRICEBUY, PRICESELL, CATEGORY, TAXCAT, ISCOM, ISSCALE, ISKITCHEN, ISSERVICE, ISVPRICE, WARRANTY, STOCKUNITS, CANDISCOUNT, ALIAS, ALWAYSAVAILABLE, DISCOUNTED) VALUES ('041209ec0c2940eb8129ed67ce927799', '23284', '2328400000000', 'EAN-13', 'Doormat Keep Calm And Come In', 5.26, 8.76, '75c77c008fa840689edd7893254208f1', '9dd70548adb84cb6ba2bde70daa9e7e8', FALSE, FALSE, FALSE, FALSE, FALSE, FALSE, 100, TRUE, 'Doormat Keep Calm And Come In', FALSE, 'no');
INSERT INTO PRODUCTS (ID, REFERENCE, CODE, CODETYPE, NAME, PRICEBUY, PRICESELL, CATEGORY, TAXCAT, ISCOM, ISSCALE, ISKITCHEN, ISSERVICE, ISVPRICE, WARRANTY, STOCKUNITS, CANDISCOUNT, ALIAS, ALWAYSAVAILABLE, DISCOUNTED) VALUES ('62da71067d154e1eac485ab7a6fb719f', '23344', '2334400000000', 'EAN-13', 'Jumbo Bag 50''S Christmas', 1.45, 2.41, '1e0dd86a9cab4423bb7c899761d6064d', '9dd70548adb84cb6ba2bde70daa9e7e8', FALSE, FALSE, FALSE, FALSE, FALSE, FALSE, 100, TRUE, 'Jumbo Bag 50''S Christmas', FALSE, 'no');
INSERT INTO PRODUCTS (ID, REFERENCE, CODE, CODETYPE, NAME, PRICEBUY, PRICESELL, CATEGORY, TAXCAT, ISCOM, ISSCALE, ISKITCHEN, ISSERVICE, ISVPRICE, WARRANTY, STOCKUNITS, CANDISCOUNT, ALIAS, ALWAYSAVAILABLE, DISCOUNTED) VALUES ('19564cb4348b4b6c9785226f22458552', '22624', '2262400000000', 'EAN-13', 'Ivory Kitchen Scales', 5.66, 9.43, '2933eb4cc17a47cfbd4750d6c522f117', '9dd70548adb84cb6ba2bde70daa9e7e8', FALSE, FALSE, FALSE, FALSE, FALSE, FALSE, 100, TRUE, 'Ivory Kitchen Scales', FALSE, 'no');
INSERT INTO PRODUCTS (ID, REFERENCE, CODE, CODETYPE, NAME, PRICEBUY, PRICESELL, CATEGORY, TAXCAT, ISCOM, ISSCALE, ISKITCHEN, ISSERVICE, ISVPRICE, WARRANTY, STOCKUNITS, CANDISCOUNT, ALIAS, ALWAYSAVAILABLE, DISCOUNTED) VALUES ('569fee69fa1b404a893123f22f1a158d', '22554', '2255400000000', 'EAN-13', 'Plasters In Tin Woodland Animals', 1.14, 1.91, '14ecec92fc0c4095bfaa984d15e6a815', '9dd70548adb84cb6ba2bde70daa9e7e8', FALSE, FALSE, FALSE, FALSE, FALSE, FALSE, 100, TRUE, 'Plasters In Tin Woodland Animals', FALSE, 'no');
INSERT INTO PRODUCTS (ID, REFERENCE, CODE, CODETYPE, NAME, PRICEBUY, PRICESELL, CATEGORY, TAXCAT, ISCOM, ISSCALE, ISKITCHEN, ISSERVICE, ISVPRICE, WARRANTY, STOCKUNITS, CANDISCOUNT, ALIAS, ALWAYSAVAILABLE, DISCOUNTED) VALUES ('82adc36338f745db99689dece9076c27', '22467', '2246700000000', 'EAN-13', 'Gumball Coat Rack', 1.71, 2.86, '7cf4adeb60914b07b7d0e8de81211d54', '9dd70548adb84cb6ba2bde70daa9e7e8', FALSE, FALSE, FALSE, FALSE, FALSE, FALSE, 100, TRUE, 'Gumball Coat Rack', FALSE, 'no');
INSERT INTO PRODUCTS (ID, REFERENCE, CODE, CODETYPE, NAME, PRICEBUY, PRICESELL, CATEGORY, TAXCAT, ISCOM, ISSCALE, ISKITCHEN, ISSERVICE, ISVPRICE, WARRANTY, STOCKUNITS, CANDISCOUNT, ALIAS, ALWAYSAVAILABLE, DISCOUNTED) VALUES ('6a09597042964198ad9ca200abce3606', '21930', '2193000000000', 'EAN-13', 'Jumbo Storage Bag Skulls', 1.67, 2.78, '1e0dd86a9cab4423bb7c899761d6064d', '9dd70548adb84cb6ba2bde70daa9e7e8', FALSE, FALSE, FALSE, FALSE, FALSE, FALSE, 100, TRUE, 'Jumbo Storage Bag Skulls', FALSE, 'no');
INSERT INTO PRODUCTS (ID, REFERENCE, CODE, CODETYPE, NAME, PRICEBUY, PRICESELL, CATEGORY, TAXCAT, ISCOM, ISSCALE, ISKITCHEN, ISSERVICE, ISVPRICE, WARRANTY, STOCKUNITS, CANDISCOUNT, ALIAS, ALWAYSAVAILABLE, DISCOUNTED) VALUES ('45b21b7114774c559af02891ac9e9e6f', '22907', '2290700000000', 'EAN-13', 'Pack Of 20 Napkins Pantry Design', 0.59, 0.99, '2933eb4cc17a47cfbd4750d6c522f117', '9dd70548adb84cb6ba2bde70daa9e7e8', FALSE, FALSE, FALSE, FALSE, FALSE, FALSE, 100, TRUE, 'Pack Of 20 Napkins Pantry Design', FALSE, 'no');
INSERT INTO PRODUCTS (ID, REFERENCE, CODE, CODETYPE, NAME, PRICEBUY, PRICESELL, CATEGORY, TAXCAT, ISCOM, ISSCALE, ISKITCHEN, ISSERVICE, ISVPRICE, WARRANTY, STOCKUNITS, CANDISCOUNT, ALIAS, ALWAYSAVAILABLE, DISCOUNTED) VALUES ('10445bb34bc94735afd9acc5a53ab58e', '84380', '8438000000000', 'EAN-13', 'Set Of 3 Butterfly Cookie Cutters', 1.03, 1.71, '2933eb4cc17a47cfbd4750d6c522f117', '9dd70548adb84cb6ba2bde70daa9e7e8', FALSE, FALSE, FALSE, FALSE, FALSE, FALSE, 100, TRUE, 'Set Of 3 Butterfly Cookie Cutters', FALSE, 'no');
INSERT INTO PRODUCTS (ID, REFERENCE, CODE, CODETYPE, NAME, PRICEBUY, PRICESELL, CATEGORY, TAXCAT, ISCOM, ISSCALE, ISKITCHEN, ISSERVICE, ISVPRICE, WARRANTY, STOCKUNITS, CANDISCOUNT, ALIAS, ALWAYSAVAILABLE, DISCOUNTED) VALUES ('21e37313d4cf431f921dac5bf7fc54cc', '22662', '2266200000000', 'EAN-13', 'Lunch Bag Dolly Girl Design', 1.16, 1.93, '1e0dd86a9cab4423bb7c899761d6064d', '9dd70548adb84cb6ba2bde70daa9e7e8', FALSE, FALSE, FALSE, FALSE, FALSE, FALSE, 100, TRUE, 'Lunch Bag Dolly Girl Design', FALSE, 'no');
INSERT INTO PRODUCTS (ID, REFERENCE, CODE, CODETYPE, NAME, PRICEBUY, PRICESELL, CATEGORY, TAXCAT, ISCOM, ISSCALE, ISKITCHEN, ISSERVICE, ISVPRICE, WARRANTY, STOCKUNITS, CANDISCOUNT, ALIAS, ALWAYSAVAILABLE, DISCOUNTED) VALUES ('ff367950a528463ea05c1475e224eaca', '20685', '2068500000000', 'EAN-13', 'Doormat Red Retrospot', 5.36, 8.93, '75c77c008fa840689edd7893254208f1', '9dd70548adb84cb6ba2bde70daa9e7e8', FALSE, FALSE, FALSE, FALSE, FALSE, FALSE, 100, TRUE, 'Doormat Red Retrospot', FALSE, 'no');
INSERT INTO PRODUCTS (ID, REFERENCE, CODE, CODETYPE, NAME, PRICEBUY, PRICESELL, CATEGORY, TAXCAT, ISCOM, ISSCALE, ISKITCHEN, ISSERVICE, ISVPRICE, WARRANTY, STOCKUNITS, CANDISCOUNT, ALIAS, ALWAYSAVAILABLE, DISCOUNTED) VALUES ('280fa296ccfc4fcb8b1a9da96e2299b3', '84378', '8437800000000', 'EAN-13', 'Set Of 3 Heart Cookie Cutters', 0.97, 1.62, '2933eb4cc17a47cfbd4750d6c522f117', '9dd70548adb84cb6ba2bde70daa9e7e8', FALSE, FALSE, FALSE, FALSE, FALSE, FALSE, 100, TRUE, 'Set Of 3 Heart Cookie Cutters', FALSE, 'no');
INSERT INTO PRODUCTS (ID, REFERENCE, CODE, CODETYPE, NAME, PRICEBUY, PRICESELL, CATEGORY, TAXCAT, ISCOM, ISSCALE, ISKITCHEN, ISSERVICE, ISVPRICE, WARRANTY, STOCKUNITS, CANDISCOUNT, ALIAS, ALWAYSAVAILABLE, DISCOUNTED) VALUES ('518897f7b49947c384e14d4e3e9d5392', '22385', '2238500000000', 'EAN-13', 'Jumbo Bag Spaceboy Design', 1.59, 2.65, '1e0dd86a9cab4423bb7c899761d6064d', '9dd70548adb84cb6ba2bde70daa9e7e8', FALSE, FALSE, FALSE, FALSE, FALSE, FALSE, 100, TRUE, 'Jumbo Bag Spaceboy Design', FALSE, 'no');
INSERT INTO PRODUCTS (ID, REFERENCE, CODE, CODETYPE, NAME, PRICEBUY, PRICESELL, CATEGORY, TAXCAT, ISCOM, ISSCALE, ISKITCHEN, ISSERVICE, ISVPRICE, WARRANTY, STOCKUNITS, CANDISCOUNT, ALIAS, ALWAYSAVAILABLE, DISCOUNTED) VALUES ('f067881c283a4afda5d7d4d6e78dc845', '82484', '8248400000000', 'EAN-13', 'Wood Black Board Ant White Finish', 5.05, 8.42, '2933eb4cc17a47cfbd4750d6c522f117', '9dd70548adb84cb6ba2bde70daa9e7e8', FALSE, FALSE, FALSE, FALSE, FALSE, FALSE, 100, TRUE, 'Wood Black Board Ant White Finish', FALSE, 'no');
INSERT INTO PRODUCTS (ID, REFERENCE, CODE, CODETYPE, NAME, PRICEBUY, PRICESELL, CATEGORY, TAXCAT, ISCOM, ISSCALE, ISKITCHEN, ISSERVICE, ISVPRICE, WARRANTY, STOCKUNITS, CANDISCOUNT, ALIAS, ALWAYSAVAILABLE, DISCOUNTED) VALUES ('a944550b9e53458fbd1d61acdc17c6ae', '22551', '2255100000000', 'EAN-13', 'Plasters In Tin Spaceboy', 1.12, 1.86, '14ecec92fc0c4095bfaa984d15e6a815', '9dd70548adb84cb6ba2bde70daa9e7e8', FALSE, FALSE, FALSE, FALSE, FALSE, FALSE, 100, TRUE, 'Plasters In Tin Spaceboy', FALSE, 'no');
INSERT INTO PRODUCTS (ID, REFERENCE, CODE, CODETYPE, NAME, PRICEBUY, PRICESELL, CATEGORY, TAXCAT, ISCOM, ISSCALE, ISKITCHEN, ISSERVICE, ISVPRICE, WARRANTY, STOCKUNITS, CANDISCOUNT, ALIAS, ALWAYSAVAILABLE, DISCOUNTED) VALUES ('357d08c9ebc949afa0ffda9129284d9c', '23208', '2320800000000', 'EAN-13', 'Lunch Bag Vintage Leaf Design', 1.16, 1.93, '1e0dd86a9cab4423bb7c899761d6064d', '9dd70548adb84cb6ba2bde70daa9e7e8', FALSE, FALSE, FALSE, FALSE, FALSE, FALSE, 100, TRUE, 'Lunch Bag Vintage Leaf Design', FALSE, 'no');
INSERT INTO PRODUCTS (ID, REFERENCE, CODE, CODETYPE, NAME, PRICEBUY, PRICESELL, CATEGORY, TAXCAT, ISCOM, ISSCALE, ISKITCHEN, ISSERVICE, ISVPRICE, WARRANTY, STOCKUNITS, CANDISCOUNT, ALIAS, ALWAYSAVAILABLE, DISCOUNTED) VALUES ('8902ef752241445a81d1bd1ce917a3ff', '22966', '2296600000000', 'EAN-13', 'Gingerbread Man Cookie Cutter', 0.87, 1.45, '2933eb4cc17a47cfbd4750d6c522f117', '9dd70548adb84cb6ba2bde70daa9e7e8', FALSE, FALSE, FALSE, FALSE, FALSE, FALSE, 100, TRUE, 'Gingerbread Man Cookie Cutter', FALSE, 'no');
INSERT INTO PRODUCTS (ID, REFERENCE, CODE, CODETYPE, NAME, PRICEBUY, PRICESELL, CATEGORY, TAXCAT, ISCOM, ISSCALE, ISKITCHEN, ISSERVICE, ISVPRICE, WARRANTY, STOCKUNITS, CANDISCOUNT, ALIAS, ALWAYSAVAILABLE, DISCOUNTED) VALUES ('15c76aa09b6145b2b0ceb3ea49a25541', '22865', '2286500000000', 'EAN-13', 'Hand Warmer Owl Design', 1.41, 2.35, '2933eb4cc17a47cfbd4750d6c522f117', '9dd70548adb84cb6ba2bde70daa9e7e8', FALSE, FALSE, FALSE, FALSE, FALSE, FALSE, 100, TRUE, 'Hand Warmer Owl Design', FALSE, 'no');
INSERT INTO PRODUCTS (ID, REFERENCE, CODE, CODETYPE, NAME, PRICEBUY, PRICESELL, CATEGORY, TAXCAT, ISCOM, ISSCALE, ISKITCHEN, ISSERVICE, ISVPRICE, WARRANTY, STOCKUNITS, CANDISCOUNT, ALIAS, ALWAYSAVAILABLE, DISCOUNTED) VALUES ('bd7ac1d4e02a490f8cbcea4735c168e6', '85152', '8515200000000', 'EAN-13', 'Hand Over The Chocolate   Sign', 1.41, 2.35, '2933eb4cc17a47cfbd4750d6c522f117', '9dd70548adb84cb6ba2bde70daa9e7e8', FALSE, FALSE, FALSE, FALSE, FALSE, FALSE, 100, TRUE, 'Hand Over The Chocolate   Sign', FALSE, 'no');
INSERT INTO PRODUCTS (ID, REFERENCE, CODE, CODETYPE, NAME, PRICEBUY, PRICESELL, CATEGORY, TAXCAT, ISCOM, ISSCALE, ISKITCHEN, ISSERVICE, ISVPRICE, WARRANTY, STOCKUNITS, CANDISCOUNT, ALIAS, ALWAYSAVAILABLE, DISCOUNTED) VALUES ('dd8e180668cc4d9f93c20e5651d70149', '22835', '2283500000000', 'EAN-13', 'Hot Water Bottle I Am So Poorly', 3.52, 5.86, '14ecec92fc0c4095bfaa984d15e6a815', '9dd70548adb84cb6ba2bde70daa9e7e8', FALSE, FALSE, FALSE, FALSE, FALSE, FALSE, 100, TRUE, 'Hot Water Bottle I Am So Poorly', FALSE, 'no');
INSERT INTO PRODUCTS (ID, REFERENCE, CODE, CODETYPE, NAME, PRICEBUY, PRICESELL, CATEGORY, TAXCAT, ISCOM, ISSCALE, ISKITCHEN, ISSERVICE, ISVPRICE, WARRANTY, STOCKUNITS, CANDISCOUNT, ALIAS, ALWAYSAVAILABLE, DISCOUNTED) VALUES ('06d8df2ef48a4d10b75e9caaf06b33ed', '21213', '2121300000000', 'EAN-13', 'Pack Of 72 Skull Cake Cases', 0.48, 0.79, '70098e08bf26409488a568a30b7b6b0c', '9dd70548adb84cb6ba2bde70daa9e7e8', FALSE, FALSE, FALSE, FALSE, FALSE, FALSE, 100, TRUE, 'Pack Of 72 Skull Cake Cases', FALSE, 'no');
INSERT INTO PRODUCTS (ID, REFERENCE, CODE, CODETYPE, NAME, PRICEBUY, PRICESELL, CATEGORY, TAXCAT, ISCOM, ISSCALE, ISKITCHEN, ISSERVICE, ISVPRICE, WARRANTY, STOCKUNITS, CANDISCOUNT, ALIAS, ALWAYSAVAILABLE, DISCOUNTED) VALUES ('3fa3905a540d4dfe92f8d884b909e51f', '79321', '7932100000000', 'EAN-13', 'Chilli Lights', 4.06, 6.77, '4ab3ea0d42844609ab64a7a11441c5fe', '9dd70548adb84cb6ba2bde70daa9e7e8', FALSE, FALSE, FALSE, FALSE, FALSE, FALSE, 100, TRUE, 'Chilli Lights', FALSE, 'no');
INSERT INTO PRODUCTS (ID, REFERENCE, CODE, CODETYPE, NAME, PRICEBUY, PRICESELL, CATEGORY, TAXCAT, ISCOM, ISSCALE, ISKITCHEN, ISSERVICE, ISVPRICE, WARRANTY, STOCKUNITS, CANDISCOUNT, ALIAS, ALWAYSAVAILABLE, DISCOUNTED) VALUES ('29216fcb38884525ac8b5f4d85ea235c', '21915', '2191500000000', 'EAN-13', 'Red  Harmonica In Box', 0.85, 1.42, '70098e08bf26409488a568a30b7b6b0c', '9dd70548adb84cb6ba2bde70daa9e7e8', FALSE, FALSE, FALSE, FALSE, FALSE, FALSE, 100, TRUE, 'Red  Harmonica In Box', FALSE, 'no');
INSERT INTO PRODUCTS (ID, REFERENCE, CODE, CODETYPE, NAME, PRICEBUY, PRICESELL, CATEGORY, TAXCAT, ISCOM, ISSCALE, ISKITCHEN, ISSERVICE, ISVPRICE, WARRANTY, STOCKUNITS, CANDISCOUNT, ALIAS, ALWAYSAVAILABLE, DISCOUNTED) VALUES ('63ed3a09675344c0a8627bfeeb8344ff', '20713', '2071300000000', 'EAN-13', 'Jumbo Bag Owls', 1.66, 2.76, '1e0dd86a9cab4423bb7c899761d6064d', '9dd70548adb84cb6ba2bde70daa9e7e8', FALSE, FALSE, FALSE, FALSE, FALSE, FALSE, 100, TRUE, 'Jumbo Bag Owls', FALSE, 'no');
INSERT INTO PRODUCTS (ID, REFERENCE, CODE, CODETYPE, NAME, PRICEBUY, PRICESELL, CATEGORY, TAXCAT, ISCOM, ISSCALE, ISKITCHEN, ISSERVICE, ISVPRICE, WARRANTY, STOCKUNITS, CANDISCOUNT, ALIAS, ALWAYSAVAILABLE, DISCOUNTED) VALUES ('02fea2cbd4a246949b48e126a2e34913', '23307', '2330700000000', 'EAN-13', 'Set Of 60 Pantry Design Cake Cases', 0.41, 0.68, '70098e08bf26409488a568a30b7b6b0c', '9dd70548adb84cb6ba2bde70daa9e7e8', FALSE, FALSE, FALSE, FALSE, FALSE, FALSE, 100, TRUE, 'Set Of 60 Pantry Design Cake Cases', FALSE, 'no');
INSERT INTO PRODUCTS (ID, REFERENCE, CODE, CODETYPE, NAME, PRICEBUY, PRICESELL, CATEGORY, TAXCAT, ISCOM, ISSCALE, ISKITCHEN, ISSERVICE, ISVPRICE, WARRANTY, STOCKUNITS, CANDISCOUNT, ALIAS, ALWAYSAVAILABLE, DISCOUNTED) VALUES ('15360d8761b14c4bb557b14a2a395ae5', '23321', '2332100000000', 'EAN-13', 'Small White Heart Of Wicker', 1.05, 1.75, '2933eb4cc17a47cfbd4750d6c522f117', '9dd70548adb84cb6ba2bde70daa9e7e8', FALSE, FALSE, FALSE, FALSE, FALSE, FALSE, 100, TRUE, 'Small White Heart Of Wicker', FALSE, 'no');
INSERT INTO PRODUCTS (ID, REFERENCE, CODE, CODETYPE, NAME, PRICEBUY, PRICESELL, CATEGORY, TAXCAT, ISCOM, ISSCALE, ISKITCHEN, ISSERVICE, ISVPRICE, WARRANTY, STOCKUNITS, CANDISCOUNT, ALIAS, ALWAYSAVAILABLE, DISCOUNTED) VALUES ('fe701d77da7d46d09cb66de10ad91659', '21755', '2175500000000', 'EAN-13', 'Love Building Block Word', 4.0, 6.67, '2933eb4cc17a47cfbd4750d6c522f117', '9dd70548adb84cb6ba2bde70daa9e7e8', FALSE, FALSE, FALSE, FALSE, FALSE, FALSE, 100, TRUE, 'Love Building Block Word', FALSE, 'no');
INSERT INTO PRODUCTS (ID, REFERENCE, CODE, CODETYPE, NAME, PRICEBUY, PRICESELL, CATEGORY, TAXCAT, ISCOM, ISSCALE, ISKITCHEN, ISSERVICE, ISVPRICE, WARRANTY, STOCKUNITS, CANDISCOUNT, ALIAS, ALWAYSAVAILABLE, DISCOUNTED) VALUES ('bc93f03ca4e046ddafd269269dd1a274', '22114', '2211400000000', 'EAN-13', 'Hot Water Bottle Tea And Sympathy', 3.01, 5.01, '14ecec92fc0c4095bfaa984d15e6a815', '9dd70548adb84cb6ba2bde70daa9e7e8', FALSE, FALSE, FALSE, FALSE, FALSE, FALSE, 100, TRUE, 'Hot Water Bottle Tea And Sympathy', FALSE, 'no');
INSERT INTO PRODUCTS (ID, REFERENCE, CODE, CODETYPE, NAME, PRICEBUY, PRICESELL, CATEGORY, TAXCAT, ISCOM, ISSCALE, ISKITCHEN, ISSERVICE, ISVPRICE, WARRANTY, STOCKUNITS, CANDISCOUNT, ALIAS, ALWAYSAVAILABLE, DISCOUNTED) VALUES ('ef594bb5ed4c49b3967df637c8b6aa0f', '22969', '2296900000000', 'EAN-13', 'Homemade Jam Scented Candles', 1.07, 1.79, '4ab3ea0d42844609ab64a7a11441c5fe', '9dd70548adb84cb6ba2bde70daa9e7e8', FALSE, FALSE, FALSE, FALSE, FALSE, FALSE, 100, TRUE, 'Homemade Jam Scented Candles', FALSE, 'no');
INSERT INTO PRODUCTS (ID, REFERENCE, CODE, CODETYPE, NAME, PRICEBUY, PRICESELL, CATEGORY, TAXCAT, ISCOM, ISSCALE, ISKITCHEN, ISSERVICE, ISVPRICE, WARRANTY, STOCKUNITS, CANDISCOUNT, ALIAS, ALWAYSAVAILABLE, DISCOUNTED) VALUES ('301e924ad2074c0cb2b7589d8b1105e7', '21485', '2148500000000', 'EAN-13', 'Retrospot Heart Hot Water Bottle', 3.37, 5.62, '14ecec92fc0c4095bfaa984d15e6a815', '9dd70548adb84cb6ba2bde70daa9e7e8', FALSE, FALSE, FALSE, FALSE, FALSE, FALSE, 100, TRUE, 'Retrospot Heart Hot Water Bottle', FALSE, 'no');
INSERT INTO PRODUCTS (ID, REFERENCE, CODE, CODETYPE, NAME, PRICEBUY, PRICESELL, CATEGORY, TAXCAT, ISCOM, ISSCALE, ISKITCHEN, ISSERVICE, ISVPRICE, WARRANTY, STOCKUNITS, CANDISCOUNT, ALIAS, ALWAYSAVAILABLE, DISCOUNTED) VALUES ('cce9f7a816104653abb4bbab90a65da1', '22952', '2295200000000', 'EAN-13', '60 Cake Cases Vintage Christmas', 0.45, 0.76, '9ea3c7c6c28b4ff68e6c2e4f9eaacd45', '9dd70548adb84cb6ba2bde70daa9e7e8', FALSE, FALSE, FALSE, FALSE, FALSE, FALSE, 100, TRUE, '60 Cake Cases Vintage Christmas', FALSE, 'no');
INSERT INTO PRODUCTS (ID, REFERENCE, CODE, CODETYPE, NAME, PRICEBUY, PRICESELL, CATEGORY, TAXCAT, ISCOM, ISSCALE, ISKITCHEN, ISSERVICE, ISVPRICE, WARRANTY, STOCKUNITS, CANDISCOUNT, ALIAS, ALWAYSAVAILABLE, DISCOUNTED) VALUES ('3dac65f6912e47c8aa17d7ef3b788933', '84992', '8499200000000', 'EAN-13', '72 Sweetheart Fairy Cake Cases', 0.41, 0.68, '70098e08bf26409488a568a30b7b6b0c', '9dd70548adb84cb6ba2bde70daa9e7e8', FALSE, FALSE, FALSE, FALSE, FALSE, FALSE, 100, TRUE, '72 Sweetheart Fairy Cake Cases', FALSE, 'no');
INSERT INTO PRODUCTS (ID, REFERENCE, CODE, CODETYPE, NAME, PRICEBUY, PRICESELL, CATEGORY, TAXCAT, ISCOM, ISSCALE, ISKITCHEN, ISSERVICE, ISVPRICE, WARRANTY, STOCKUNITS, CANDISCOUNT, ALIAS, ALWAYSAVAILABLE, DISCOUNTED) VALUES ('ad372c43eb6d46f7b92744c2ff245646', '82583', '8258300000000', 'EAN-13', 'Hot Baths Metal Sign', 1.75, 2.92, 'a0e52a1763324d46ad336b0c12536e5f', '9dd70548adb84cb6ba2bde70daa9e7e8', FALSE, FALSE, FALSE, FALSE, FALSE, FALSE, 100, TRUE, 'Hot Baths Metal Sign', FALSE, 'no');
INSERT INTO PRODUCTS (ID, REFERENCE, CODE, CODETYPE, NAME, PRICEBUY, PRICESELL, CATEGORY, TAXCAT, ISCOM, ISSCALE, ISKITCHEN, ISSERVICE, ISVPRICE, WARRANTY, STOCKUNITS, CANDISCOUNT, ALIAS, ALWAYSAVAILABLE, DISCOUNTED) VALUES ('ed962e62d3d54e48a6923782535a87d9', '21975', '2197500000000', 'EAN-13', 'Pack Of 60 Dinosaur Cake Cases', 0.37, 0.62, '70098e08bf26409488a568a30b7b6b0c', '9dd70548adb84cb6ba2bde70daa9e7e8', FALSE, FALSE, FALSE, FALSE, FALSE, FALSE, 100, TRUE, 'Pack Of 60 Dinosaur Cake Cases', FALSE, 'no');
INSERT INTO PRODUCTS (ID, REFERENCE, CODE, CODETYPE, NAME, PRICEBUY, PRICESELL, CATEGORY, TAXCAT, ISCOM, ISSCALE, ISKITCHEN, ISSERVICE, ISVPRICE, WARRANTY, STOCKUNITS, CANDISCOUNT, ALIAS, ALWAYSAVAILABLE, DISCOUNTED) VALUES ('3299d2b32a244af295e39af534c5e779', '82580', '8258000000000', 'EAN-13', 'Bathroom Metal Sign', 0.5, 0.83, 'a0e52a1763324d46ad336b0c12536e5f', '9dd70548adb84cb6ba2bde70daa9e7e8', FALSE, FALSE, FALSE, FALSE, FALSE, FALSE, 100, TRUE, 'Bathroom Metal Sign', FALSE, 'no');
INSERT INTO PRODUCTS (ID, REFERENCE, CODE, CODETYPE, NAME, PRICEBUY, PRICESELL, CATEGORY, TAXCAT, ISCOM, ISSCALE, ISKITCHEN, ISSERVICE, ISVPRICE, WARRANTY, STOCKUNITS, CANDISCOUNT, ALIAS, ALWAYSAVAILABLE, DISCOUNTED) VALUES ('df93e5771f0f4458bad2ce44138b44b2', '84755', '8475500000000', 'EAN-13', 'Colour Glass T-Light Holder Hanging', 0.44, 0.73, '4ab3ea0d42844609ab64a7a11441c5fe', '9dd70548adb84cb6ba2bde70daa9e7e8', FALSE, FALSE, FALSE, FALSE, FALSE, FALSE, 100, TRUE, 'Colour Glass T-Light Holder Hanging', FALSE, 'no');
INSERT INTO PRODUCTS (ID, REFERENCE, CODE, CODETYPE, NAME, PRICEBUY, PRICESELL, CATEGORY, TAXCAT, ISCOM, ISSCALE, ISKITCHEN, ISSERVICE, ISVPRICE, WARRANTY, STOCKUNITS, CANDISCOUNT, ALIAS, ALWAYSAVAILABLE, DISCOUNTED) VALUES ('323b774433dd4f3ea35f7806a2456cbc', '22909', '2290900000000', 'EAN-13', 'Set Of 20 Vintage Christmas Napkins', 0.59, 0.99, '9ea3c7c6c28b4ff68e6c2e4f9eaacd45', '9dd70548adb84cb6ba2bde70daa9e7e8', FALSE, FALSE, FALSE, FALSE, FALSE, FALSE, 100, TRUE, 'Set Of 20 Vintage Christmas Napkins', FALSE, 'no');
INSERT INTO PRODUCTS (ID, REFERENCE, CODE, CODETYPE, NAME, PRICEBUY, PRICESELL, CATEGORY, TAXCAT, ISCOM, ISSCALE, ISKITCHEN, ISSERVICE, ISVPRICE, WARRANTY, STOCKUNITS, CANDISCOUNT, ALIAS, ALWAYSAVAILABLE, DISCOUNTED) VALUES ('9ef176efcd254b0aa74724c66ada5069', '82486', '8248600000000', 'EAN-13', 'Wood S/3 Cabinet Ant White Finish', 5.46, 9.1, '2933eb4cc17a47cfbd4750d6c522f117', '9dd70548adb84cb6ba2bde70daa9e7e8', FALSE, FALSE, FALSE, FALSE, FALSE, FALSE, 100, TRUE, 'Wood S/3 Cabinet Ant White Finish', FALSE, 'no');
INSERT INTO PRODUCTS (ID, REFERENCE, CODE, CODETYPE, NAME, PRICEBUY, PRICESELL, CATEGORY, TAXCAT, ISCOM, ISSCALE, ISKITCHEN, ISSERVICE, ISVPRICE, WARRANTY, STOCKUNITS, CANDISCOUNT, ALIAS, ALWAYSAVAILABLE, DISCOUNTED) VALUES ('6e51a4b8064e413aa62b46164e5174d9', '20972', '2097200000000', 'EAN-13', 'Pink Cream Felt Craft Trinket Box', 0.85, 1.42, '70098e08bf26409488a568a30b7b6b0c', '9dd70548adb84cb6ba2bde70daa9e7e8', FALSE, FALSE, FALSE, FALSE, FALSE, FALSE, 100, TRUE, 'Pink Cream Felt Craft Trinket Box', FALSE, 'no');
INSERT INTO PRODUCTS (ID, REFERENCE, CODE, CODETYPE, NAME, PRICEBUY, PRICESELL, CATEGORY, TAXCAT, ISCOM, ISSCALE, ISKITCHEN, ISSERVICE, ISVPRICE, WARRANTY, STOCKUNITS, CANDISCOUNT, ALIAS, ALWAYSAVAILABLE, DISCOUNTED) VALUES ('b6b1bd98555046989f85cffa81ca9b3b', '48138', '4813800000000', 'EAN-13', 'Doormat Union Flag', 5.33, 8.88, '75c77c008fa840689edd7893254208f1', '9dd70548adb84cb6ba2bde70daa9e7e8', FALSE, FALSE, FALSE, FALSE, FALSE, FALSE, 100, TRUE, 'Doormat Union Flag', FALSE, 'no');
INSERT INTO PRODUCTS (ID, REFERENCE, CODE, CODETYPE, NAME, PRICEBUY, PRICESELL, CATEGORY, TAXCAT, ISCOM, ISSCALE, ISKITCHEN, ISSERVICE, ISVPRICE, WARRANTY, STOCKUNITS, CANDISCOUNT, ALIAS, ALWAYSAVAILABLE, DISCOUNTED) VALUES ('36b855db19b343aba10bdc5c06e9350c', '22621', '2262100000000', 'EAN-13', 'Traditional Knitting Nancy', 1.13, 1.88, '14ecec92fc0c4095bfaa984d15e6a815', '9dd70548adb84cb6ba2bde70daa9e7e8', FALSE, FALSE, FALSE, FALSE, FALSE, FALSE, 100, TRUE, 'Traditional Knitting Nancy', FALSE, 'no');
INSERT INTO PRODUCTS (ID, REFERENCE, CODE, CODETYPE, NAME, PRICEBUY, PRICESELL, CATEGORY, TAXCAT, ISCOM, ISSCALE, ISKITCHEN, ISSERVICE, ISVPRICE, WARRANTY, STOCKUNITS, CANDISCOUNT, ALIAS, ALWAYSAVAILABLE, DISCOUNTED) VALUES ('48a73ae7e5574fec947ade5efdac4bbd', '22083', '2208300000000', 'EAN-13', 'Paper Chain Kit Retrospot', 2.25, 3.75, '9ea3c7c6c28b4ff68e6c2e4f9eaacd45', '9dd70548adb84cb6ba2bde70daa9e7e8', FALSE, FALSE, FALSE, FALSE, FALSE, FALSE, 100, TRUE, 'Paper Chain Kit Retrospot', FALSE, 'no');
INSERT INTO PRODUCTS (ID, REFERENCE, CODE, CODETYPE, NAME, PRICEBUY, PRICESELL, CATEGORY, TAXCAT, ISCOM, ISSCALE, ISKITCHEN, ISSERVICE, ISVPRICE, WARRANTY, STOCKUNITS, CANDISCOUNT, ALIAS, ALWAYSAVAILABLE, DISCOUNTED) VALUES ('549b686b941f4ac5bdca0be6792f1efa', '21791', '2179100000000', 'EAN-13', 'Vintage Heads And Tails Card Game', 0.9, 1.5, '9ea3c7c6c28b4ff68e6c2e4f9eaacd45', '9dd70548adb84cb6ba2bde70daa9e7e8', FALSE, FALSE, FALSE, FALSE, FALSE, FALSE, 100, TRUE, 'Vintage Heads And Tails Card Game', FALSE, 'no');
INSERT INTO PRODUCTS (ID, REFERENCE, CODE, CODETYPE, NAME, PRICEBUY, PRICESELL, CATEGORY, TAXCAT, ISCOM, ISSCALE, ISKITCHEN, ISSERVICE, ISVPRICE, WARRANTY, STOCKUNITS, CANDISCOUNT, ALIAS, ALWAYSAVAILABLE, DISCOUNTED) VALUES ('9c2a180e5b01434fa736ff65f411fff5', '21914', '2191400000000', 'EAN-13', 'Blue Harmonica In Box', 0.86, 1.43, '70098e08bf26409488a568a30b7b6b0c', '9dd70548adb84cb6ba2bde70daa9e7e8', FALSE, FALSE, FALSE, FALSE, FALSE, FALSE, 100, TRUE, 'Blue Harmonica In Box', FALSE, 'no');
INSERT INTO PRODUCTS (ID, REFERENCE, CODE, CODETYPE, NAME, PRICEBUY, PRICESELL, CATEGORY, TAXCAT, ISCOM, ISSCALE, ISKITCHEN, ISSERVICE, ISVPRICE, WARRANTY, STOCKUNITS, CANDISCOUNT, ALIAS, ALWAYSAVAILABLE, DISCOUNTED) VALUES ('9549a18a8ebd47498f723c282f23d4ab', '22328', '2232800000000', 'EAN-13', 'Round Snack Boxes Set Of 4 Fruits', 1.96, 3.26, '70098e08bf26409488a568a30b7b6b0c', '9dd70548adb84cb6ba2bde70daa9e7e8', FALSE, FALSE, FALSE, FALSE, FALSE, FALSE, 100, TRUE, 'Round Snack Boxes Set Of 4 Fruits', FALSE, 'no');
INSERT INTO PRODUCTS (ID, REFERENCE, CODE, CODETYPE, NAME, PRICEBUY, PRICESELL, CATEGORY, TAXCAT, ISCOM, ISSCALE, ISKITCHEN, ISSERVICE, ISVPRICE, WARRANTY, STOCKUNITS, CANDISCOUNT, ALIAS, ALWAYSAVAILABLE, DISCOUNTED) VALUES ('d76ef27377334e0b8555b0ba79505c29', '48187', '4818700000000', 'EAN-13', 'Doormat New England', 5.08, 8.46, '75c77c008fa840689edd7893254208f1', '9dd70548adb84cb6ba2bde70daa9e7e8', FALSE, FALSE, FALSE, FALSE, FALSE, FALSE, 100, TRUE, 'Doormat New England', FALSE, 'no');
INSERT INTO PRODUCTS (ID, REFERENCE, CODE, CODETYPE, NAME, PRICEBUY, PRICESELL, CATEGORY, TAXCAT, ISCOM, ISSCALE, ISKITCHEN, ISSERVICE, ISVPRICE, WARRANTY, STOCKUNITS, CANDISCOUNT, ALIAS, ALWAYSAVAILABLE, DISCOUNTED) VALUES ('54a0124309424cd08a41e50c2aae534c', '23200', '2320000000000', 'EAN-13', 'Jumbo Bag Pears', 1.45, 2.42, '1e0dd86a9cab4423bb7c899761d6064d', '9dd70548adb84cb6ba2bde70daa9e7e8', FALSE, FALSE, FALSE, FALSE, FALSE, FALSE, 100, TRUE, 'Jumbo Bag Pears', FALSE, 'no');
INSERT INTO PRODUCTS (ID, REFERENCE, CODE, CODETYPE, NAME, PRICEBUY, PRICESELL, CATEGORY, TAXCAT, ISCOM, ISSCALE, ISKITCHEN, ISSERVICE, ISVPRICE, WARRANTY, STOCKUNITS, CANDISCOUNT, ALIAS, ALWAYSAVAILABLE, DISCOUNTED) VALUES ('98104530a90444fe9e211c90ab116b2e', '21889', '2188900000000', 'EAN-13', 'Wooden Box Of Dominoes', 0.95, 1.58, '70098e08bf26409488a568a30b7b6b0c', '9dd70548adb84cb6ba2bde70daa9e7e8', FALSE, FALSE, FALSE, FALSE, FALSE, FALSE, 100, TRUE, 'Wooden Box Of Dominoes', FALSE, 'no');
INSERT INTO PRODUCTS (ID, REFERENCE, CODE, CODETYPE, NAME, PRICEBUY, PRICESELL, CATEGORY, TAXCAT, ISCOM, ISSCALE, ISKITCHEN, ISSERVICE, ISVPRICE, WARRANTY, STOCKUNITS, CANDISCOUNT, ALIAS, ALWAYSAVAILABLE, DISCOUNTED) VALUES ('4f865cf48b3b4f57b8b9920aa3b3bfdd', '82483', '8248300000000', 'EAN-13', 'Wood 2 Drawer Cabinet White Finish', 4.14, 6.9, '70098e08bf26409488a568a30b7b6b0c', '9dd70548adb84cb6ba2bde70daa9e7e8', FALSE, FALSE, FALSE, FALSE, FALSE, FALSE, 100, TRUE, 'Wood 2 Drawer Cabinet White Finish', FALSE, 'no');
INSERT INTO PRODUCTS (ID, REFERENCE, CODE, CODETYPE, NAME, PRICEBUY, PRICESELL, CATEGORY, TAXCAT, ISCOM, ISSCALE, ISKITCHEN, ISSERVICE, ISVPRICE, WARRANTY, STOCKUNITS, CANDISCOUNT, ALIAS, ALWAYSAVAILABLE, DISCOUNTED) VALUES ('5e37d5171482402aa5d98cc91cdaa3b2', '48194', '4819400000000', 'EAN-13', 'Doormat Hearts', 5.54, 9.24, '75c77c008fa840689edd7893254208f1', '9dd70548adb84cb6ba2bde70daa9e7e8', FALSE, FALSE, FALSE, FALSE, FALSE, FALSE, 100, TRUE, 'Doormat Hearts', FALSE, 'no');
INSERT INTO PRODUCTS (ID, REFERENCE, CODE, CODETYPE, NAME, PRICEBUY, PRICESELL, CATEGORY, TAXCAT, ISCOM, ISSCALE, ISKITCHEN, ISSERVICE, ISVPRICE, WARRANTY, STOCKUNITS, CANDISCOUNT, ALIAS, ALWAYSAVAILABLE, DISCOUNTED) VALUES ('0dde78a4e8fd423e971c7a6875b860f4', '84692', '8469200000000', 'EAN-13', 'Box Of 24 Cocktail Parasols', 0.41, 0.68, '70098e08bf26409488a568a30b7b6b0c', '9dd70548adb84cb6ba2bde70daa9e7e8', FALSE, FALSE, FALSE, FALSE, FALSE, FALSE, 100, TRUE, 'Box Of 24 Cocktail Parasols', FALSE, 'no');
INSERT INTO PRODUCTS (ID, REFERENCE, CODE, CODETYPE, NAME, PRICEBUY, PRICESELL, CATEGORY, TAXCAT, ISCOM, ISSCALE, ISKITCHEN, ISSERVICE, ISVPRICE, WARRANTY, STOCKUNITS, CANDISCOUNT, ALIAS, ALWAYSAVAILABLE, DISCOUNTED) VALUES ('51589fe6f5904ab6986acbf2cd028866', '21559', '2155900000000', 'EAN-13', 'Strawberry Lunch Box With Cutlery', 1.87, 3.12, '70098e08bf26409488a568a30b7b6b0c', '9dd70548adb84cb6ba2bde70daa9e7e8', FALSE, FALSE, FALSE, FALSE, FALSE, FALSE, 100, TRUE, 'Strawberry Lunch Box With Cutlery', FALSE, 'no');
INSERT INTO PRODUCTS (ID, REFERENCE, CODE, CODETYPE, NAME, PRICEBUY, PRICESELL, CATEGORY, TAXCAT, ISCOM, ISSCALE, ISKITCHEN, ISSERVICE, ISVPRICE, WARRANTY, STOCKUNITS, CANDISCOUNT, ALIAS, ALWAYSAVAILABLE, DISCOUNTED) VALUES ('0c7a635e72324a00bb905badf5c706ab', '22113', '2211300000000', 'EAN-13', 'Grey Heart Hot Water Bottle', 2.64, 4.39, '14ecec92fc0c4095bfaa984d15e6a815', '9dd70548adb84cb6ba2bde70daa9e7e8', FALSE, FALSE, FALSE, FALSE, FALSE, FALSE, 100, TRUE, 'Grey Heart Hot Water Bottle', FALSE, 'no');
INSERT INTO PRODUCTS (ID, REFERENCE, CODE, CODETYPE, NAME, PRICEBUY, PRICESELL, CATEGORY, TAXCAT, ISCOM, ISSCALE, ISKITCHEN, ISSERVICE, ISVPRICE, WARRANTY, STOCKUNITS, CANDISCOUNT, ALIAS, ALWAYSAVAILABLE, DISCOUNTED) VALUES ('4773f6607a8f45aeb42233b91c2992d2', '22730', '2273000000000', 'EAN-13', 'Alarm Clock Bakelike Ivory', 2.64, 4.39, '75c77c008fa840689edd7893254208f1', '9dd70548adb84cb6ba2bde70daa9e7e8', FALSE, FALSE, FALSE, FALSE, FALSE, FALSE, 100, TRUE, 'Alarm Clock Bakelike Ivory', FALSE, 'no');
INSERT INTO PRODUCTS (ID, REFERENCE, CODE, CODETYPE, NAME, PRICEBUY, PRICESELL, CATEGORY, TAXCAT, ISCOM, ISSCALE, ISKITCHEN, ISSERVICE, ISVPRICE, WARRANTY, STOCKUNITS, CANDISCOUNT, ALIAS, ALWAYSAVAILABLE, DISCOUNTED) VALUES ('a13495c92c554e34a31d94bfbedf1931', '23204', '2320400000000', 'EAN-13', 'Charlotte Bag Apples Design', 0.67, 1.12, '1e0dd86a9cab4423bb7c899761d6064d', '9dd70548adb84cb6ba2bde70daa9e7e8', FALSE, FALSE, FALSE, FALSE, FALSE, FALSE, 100, TRUE, 'Charlotte Bag Apples Design', FALSE, 'no');
INSERT INTO PRODUCTS (ID, REFERENCE, CODE, CODETYPE, NAME, PRICEBUY, PRICESELL, CATEGORY, TAXCAT, ISCOM, ISSCALE, ISKITCHEN, ISSERVICE, ISVPRICE, WARRANTY, STOCKUNITS, CANDISCOUNT, ALIAS, ALWAYSAVAILABLE, DISCOUNTED) VALUES ('2b6cbe91648343caaf82c5495bf61cf3', '23322', '2332200000000', 'EAN-13', 'Large White Heart Of Wicker', 1.88, 3.13, '2933eb4cc17a47cfbd4750d6c522f117', '9dd70548adb84cb6ba2bde70daa9e7e8', FALSE, FALSE, FALSE, FALSE, FALSE, FALSE, 100, TRUE, 'Large White Heart Of Wicker', FALSE, 'no');
INSERT INTO PRODUCTS (ID, REFERENCE, CODE, CODETYPE, NAME, PRICEBUY, PRICESELL, CATEGORY, TAXCAT, ISCOM, ISSCALE, ISKITCHEN, ISSERVICE, ISVPRICE, WARRANTY, STOCKUNITS, CANDISCOUNT, ALIAS, ALWAYSAVAILABLE, DISCOUNTED) VALUES ('31846234e5544b74a3925f520d6ba894', '22553', '2255300000000', 'EAN-13', 'Plasters In Tin Skulls', 1.18, 1.96, '14ecec92fc0c4095bfaa984d15e6a815', '9dd70548adb84cb6ba2bde70daa9e7e8', FALSE, FALSE, FALSE, FALSE, FALSE, FALSE, 100, TRUE, 'Plasters In Tin Skulls', FALSE, 'no');
INSERT INTO PRODUCTS (ID, REFERENCE, CODE, CODETYPE, NAME, PRICEBUY, PRICESELL, CATEGORY, TAXCAT, ISCOM, ISSCALE, ISKITCHEN, ISSERVICE, ISVPRICE, WARRANTY, STOCKUNITS, CANDISCOUNT, ALIAS, ALWAYSAVAILABLE, DISCOUNTED) VALUES ('0183005424014796b3428000589ca0c4', '22556', '2255600000000', 'EAN-13', 'Plasters In Tin Circus Parade', 1.07, 1.78, '14ecec92fc0c4095bfaa984d15e6a815', '9dd70548adb84cb6ba2bde70daa9e7e8', FALSE, FALSE, FALSE, FALSE, FALSE, FALSE, 100, TRUE, 'Plasters In Tin Circus Parade', FALSE, 'no');
INSERT INTO PRODUCTS (ID, REFERENCE, CODE, CODETYPE, NAME, PRICEBUY, PRICESELL, CATEGORY, TAXCAT, ISCOM, ISSCALE, ISKITCHEN, ISSERVICE, ISVPRICE, WARRANTY, STOCKUNITS, CANDISCOUNT, ALIAS, ALWAYSAVAILABLE, DISCOUNTED) VALUES ('f0676f01716244b7b6f29218418f555d', '22557', '2255700000000', 'EAN-13', 'Plasters In Tin Vintage Paisley', 1.14, 1.89, '14ecec92fc0c4095bfaa984d15e6a815', '9dd70548adb84cb6ba2bde70daa9e7e8', FALSE, FALSE, FALSE, FALSE, FALSE, FALSE, 100, TRUE, 'Plasters In Tin Vintage Paisley', FALSE, 'no');
INSERT INTO PRODUCTS (ID, REFERENCE, CODE, CODETYPE, NAME, PRICEBUY, PRICESELL, CATEGORY, TAXCAT, ISCOM, ISSCALE, ISKITCHEN, ISSERVICE, ISVPRICE, WARRANTY, STOCKUNITS, CANDISCOUNT, ALIAS, ALWAYSAVAILABLE, DISCOUNTED) VALUES ('4954b9a141d747a7bcf7972db4411798', '20718', '2071800000000', 'EAN-13', 'Red Retrospot Shopper Bag', 1.06, 1.77, '1e0dd86a9cab4423bb7c899761d6064d', '9dd70548adb84cb6ba2bde70daa9e7e8', FALSE, FALSE, FALSE, FALSE, FALSE, FALSE, 100, TRUE, 'Red Retrospot Shopper Bag', FALSE, 'no');
INSERT INTO PRODUCTS (ID, REFERENCE, CODE, CODETYPE, NAME, PRICEBUY, PRICESELL, CATEGORY, TAXCAT, ISCOM, ISSCALE, ISKITCHEN, ISSERVICE, ISVPRICE, WARRANTY, STOCKUNITS, CANDISCOUNT, ALIAS, ALWAYSAVAILABLE, DISCOUNTED) VALUES ('01b41832a72d43418518ed612b83494e', '22866', '2286600000000', 'EAN-13', 'Hand Warmer Scotty Dog Design', 1.4, 2.33, '2933eb4cc17a47cfbd4750d6c522f117', '9dd70548adb84cb6ba2bde70daa9e7e8', FALSE, FALSE, FALSE, FALSE, FALSE, FALSE, 100, TRUE, 'Hand Warmer Scotty Dog Design', FALSE, 'no');
INSERT INTO PRODUCTS (ID, REFERENCE, CODE, CODETYPE, NAME, PRICEBUY, PRICESELL, CATEGORY, TAXCAT, ISCOM, ISSCALE, ISKITCHEN, ISSERVICE, ISVPRICE, WARRANTY, STOCKUNITS, CANDISCOUNT, ALIAS, ALWAYSAVAILABLE, DISCOUNTED) VALUES ('c4db35f1720646699bf1084e1fc417f2', '21314', '2131400000000', 'EAN-13', 'Small Glass Heart Trinket Pot', 1.67, 2.78, '14ecec92fc0c4095bfaa984d15e6a815', '9dd70548adb84cb6ba2bde70daa9e7e8', FALSE, FALSE, FALSE, FALSE, FALSE, FALSE, 100, TRUE, 'Small Glass Heart Trinket Pot', FALSE, 'no');
INSERT INTO PRODUCTS (ID, REFERENCE, CODE, CODETYPE, NAME, PRICEBUY, PRICESELL, CATEGORY, TAXCAT, ISCOM, ISSCALE, ISKITCHEN, ISSERVICE, ISVPRICE, WARRANTY, STOCKUNITS, CANDISCOUNT, ALIAS, ALWAYSAVAILABLE, DISCOUNTED) VALUES ('1fa7fc9b54f94d4a80fa8018c7aa4320', '21843', '2184300000000', 'EAN-13', 'Red Retrospot Cake Stand', 7.48, 12.46, '2933eb4cc17a47cfbd4750d6c522f117', '9dd70548adb84cb6ba2bde70daa9e7e8', FALSE, FALSE, FALSE, FALSE, FALSE, FALSE, 100, TRUE, 'Red Retrospot Cake Stand', FALSE, 'no');
INSERT INTO PRODUCTS (ID, REFERENCE, CODE, CODETYPE, NAME, PRICEBUY, PRICESELL, CATEGORY, TAXCAT, ISCOM, ISSCALE, ISKITCHEN, ISSERVICE, ISVPRICE, WARRANTY, STOCKUNITS, CANDISCOUNT, ALIAS, ALWAYSAVAILABLE, DISCOUNTED) VALUES ('ddb7a51e546d4870bf5ad934b513d90e', '22776', '2277600000000', 'EAN-13', 'Sweetheart Cakestand 3 Tier', 6.79, 11.32, '2933eb4cc17a47cfbd4750d6c522f117', '9dd70548adb84cb6ba2bde70daa9e7e8', FALSE, FALSE, FALSE, FALSE, FALSE, FALSE, 100, TRUE, 'Sweetheart Cakestand 3 Tier', FALSE, 'no');
INSERT INTO PRODUCTS (ID, REFERENCE, CODE, CODETYPE, NAME, PRICEBUY, PRICESELL, CATEGORY, TAXCAT, ISCOM, ISSCALE, ISKITCHEN, ISSERVICE, ISVPRICE, WARRANTY, STOCKUNITS, CANDISCOUNT, ALIAS, ALWAYSAVAILABLE, DISCOUNTED) VALUES ('150fc4381b9d407c82add11abcb5d9f9', '22867', '2286700000000', 'EAN-13', 'Hand Warmer Bird Design', 1.44, 2.39, 'bddb7124ec664ed7ba4a7ce803e7e95e', '9dd70548adb84cb6ba2bde70daa9e7e8', FALSE, FALSE, FALSE, FALSE, FALSE, FALSE, 100, TRUE, 'Hand Warmer Bird Design', FALSE, 'no');
INSERT INTO PRODUCTS (ID, REFERENCE, CODE, CODETYPE, NAME, PRICEBUY, PRICESELL, CATEGORY, TAXCAT, ISCOM, ISSCALE, ISKITCHEN, ISSERVICE, ISVPRICE, WARRANTY, STOCKUNITS, CANDISCOUNT, ALIAS, ALWAYSAVAILABLE, DISCOUNTED) VALUES ('0c2e9721e34a4a7ab2b31c109860ba46', '22367', '2236700000000', 'EAN-13', 'Childrens Apron Spaceboy Design', 1.45, 2.41, '2933eb4cc17a47cfbd4750d6c522f117', '9dd70548adb84cb6ba2bde70daa9e7e8', FALSE, FALSE, FALSE, FALSE, FALSE, FALSE, 100, TRUE, 'Childrens Apron Spaceboy Design', FALSE, 'no');
INSERT INTO PRODUCTS (ID, REFERENCE, CODE, CODETYPE, NAME, PRICEBUY, PRICESELL, CATEGORY, TAXCAT, ISCOM, ISSCALE, ISKITCHEN, ISSERVICE, ISVPRICE, WARRANTY, STOCKUNITS, CANDISCOUNT, ALIAS, ALWAYSAVAILABLE, DISCOUNTED) VALUES ('3e3f9497385e41f791cfca27265d6c8a', '22625', '2262500000000', 'EAN-13', 'Red Kitchen Scales', 5.84, 9.73, '2933eb4cc17a47cfbd4750d6c522f117', '9dd70548adb84cb6ba2bde70daa9e7e8', FALSE, FALSE, FALSE, FALSE, FALSE, FALSE, 100, TRUE, 'Red Kitchen Scales', FALSE, 'no');
INSERT INTO PRODUCTS (ID, REFERENCE, CODE, CODETYPE, NAME, PRICEBUY, PRICESELL, CATEGORY, TAXCAT, ISCOM, ISSCALE, ISKITCHEN, ISSERVICE, ISVPRICE, WARRANTY, STOCKUNITS, CANDISCOUNT, ALIAS, ALWAYSAVAILABLE, DISCOUNTED) VALUES ('116b478947a849bc9e19ad735270b281', '22149', '2214900000000', 'EAN-13', 'Feltcraft 6 Flower Friends', 1.47, 2.45, 'bddb7124ec664ed7ba4a7ce803e7e95e', '9dd70548adb84cb6ba2bde70daa9e7e8', FALSE, FALSE, FALSE, FALSE, FALSE, FALSE, 100, TRUE, 'Feltcraft 6 Flower Friends', FALSE, 'no');
INSERT INTO PRODUCTS (ID, REFERENCE, CODE, CODETYPE, NAME, PRICEBUY, PRICESELL, CATEGORY, TAXCAT, ISCOM, ISSCALE, ISKITCHEN, ISSERVICE, ISVPRICE, WARRANTY, STOCKUNITS, CANDISCOUNT, ALIAS, ALWAYSAVAILABLE, DISCOUNTED) VALUES ('4f1685c356be4138af92faf0ba188153', '23240', '2324000000000', 'EAN-13', 'Set Of 4 Knick Knack Tins Doiley', 2.66, 4.43, '14ecec92fc0c4095bfaa984d15e6a815', '9dd70548adb84cb6ba2bde70daa9e7e8', FALSE, FALSE, FALSE, FALSE, FALSE, FALSE, 100, TRUE, 'Set Of 4 Knick Knack Tins Doiley', FALSE, 'no');
INSERT INTO PRODUCTS (ID, REFERENCE, CODE, CODETYPE, NAME, PRICEBUY, PRICESELL, CATEGORY, TAXCAT, ISCOM, ISSCALE, ISKITCHEN, ISSERVICE, ISVPRICE, WARRANTY, STOCKUNITS, CANDISCOUNT, ALIAS, ALWAYSAVAILABLE, DISCOUNTED) VALUES ('31a42a29cb394a289bdaf7907fbf7fe0', '23293', '2329300000000', 'EAN-13', 'Set Of 12 Fairy Cake Baking Cases', 0.64, 1.06, '70098e08bf26409488a568a30b7b6b0c', '9dd70548adb84cb6ba2bde70daa9e7e8', FALSE, FALSE, FALSE, FALSE, FALSE, FALSE, 100, TRUE, 'Set Of 12 Fairy Cake Baking Cases', FALSE, 'no');
INSERT INTO PRODUCTS (ID, REFERENCE, CODE, CODETYPE, NAME, PRICEBUY, PRICESELL, CATEGORY, TAXCAT, ISCOM, ISSCALE, ISKITCHEN, ISSERVICE, ISVPRICE, WARRANTY, STOCKUNITS, CANDISCOUNT, ALIAS, ALWAYSAVAILABLE, DISCOUNTED) VALUES ('152d4285389b42a59680f83491bb1751', '22900', '2290000000000', 'EAN-13', 'Set 2 Tea Towels I Love London', 2.23, 3.71, 'a0e52a1763324d46ad336b0c12536e5f', '9dd70548adb84cb6ba2bde70daa9e7e8', FALSE, FALSE, FALSE, FALSE, FALSE, FALSE, 100, TRUE, 'Set 2 Tea Towels I Love London', FALSE, 'no');
INSERT INTO PRODUCTS (ID, REFERENCE, CODE, CODETYPE, NAME, PRICEBUY, PRICESELL, CATEGORY, TAXCAT, ISCOM, ISSCALE, ISKITCHEN, ISSERVICE, ISVPRICE, WARRANTY, STOCKUNITS, CANDISCOUNT, ALIAS, ALWAYSAVAILABLE, DISCOUNTED) VALUES ('a33342d67a484e2bb83e9af3468bc13c', '22144', '2214400000000', 'EAN-13', 'Christmas Craft Little Friends', 1.54, 2.57, '2933eb4cc17a47cfbd4750d6c522f117', '9dd70548adb84cb6ba2bde70daa9e7e8', FALSE, FALSE, FALSE, FALSE, FALSE, FALSE, 100, TRUE, 'Christmas Craft Little Friends', FALSE, 'no');
INSERT INTO PRODUCTS (ID, REFERENCE, CODE, CODETYPE, NAME, PRICEBUY, PRICESELL, CATEGORY, TAXCAT, ISCOM, ISSCALE, ISKITCHEN, ISSERVICE, ISVPRICE, WARRANTY, STOCKUNITS, CANDISCOUNT, ALIAS, ALWAYSAVAILABLE, DISCOUNTED) VALUES ('40df2de32b624924af20847c07e91afd', '22219', '2221900000000', 'EAN-13', 'Lovebird Hanging Decoration White', 0.71, 1.18, 'bddb7124ec664ed7ba4a7ce803e7e95e', '9dd70548adb84cb6ba2bde70daa9e7e8', FALSE, FALSE, FALSE, FALSE, FALSE, FALSE, 100, TRUE, 'Lovebird Hanging Decoration White', FALSE, 'no');
INSERT INTO PRODUCTS (ID, REFERENCE, CODE, CODETYPE, NAME, PRICEBUY, PRICESELL, CATEGORY, TAXCAT, ISCOM, ISSCALE, ISKITCHEN, ISSERVICE, ISVPRICE, WARRANTY, STOCKUNITS, CANDISCOUNT, ALIAS, ALWAYSAVAILABLE, DISCOUNTED) VALUES ('5f71d554a5db4161a7ebde91feedf0f8', '22577', '2257700000000', 'EAN-13', 'Wooden Heart Christmas Scandinavian', 0.3, 0.5, '2933eb4cc17a47cfbd4750d6c522f117', '9dd70548adb84cb6ba2bde70daa9e7e8', FALSE, FALSE, FALSE, FALSE, FALSE, FALSE, 100, TRUE, 'Wooden Heart Christmas Scandinavian', FALSE, 'no');
INSERT INTO PRODUCTS (ID, REFERENCE, CODE, CODETYPE, NAME, PRICEBUY, PRICESELL, CATEGORY, TAXCAT, ISCOM, ISSCALE, ISKITCHEN, ISSERVICE, ISVPRICE, WARRANTY, STOCKUNITS, CANDISCOUNT, ALIAS, ALWAYSAVAILABLE, DISCOUNTED) VALUES ('9a76e3c72edf419aa272f897eab48a53', '22998', '2299800000000', 'EAN-13', 'Travel Card Wallet Keep Calm', 0.3, 0.49, '9ea3c7c6c28b4ff68e6c2e4f9eaacd45', '9dd70548adb84cb6ba2bde70daa9e7e8', FALSE, FALSE, FALSE, FALSE, FALSE, FALSE, 100, TRUE, 'Travel Card Wallet Keep Calm', FALSE, 'no');
INSERT INTO PRODUCTS (ID, REFERENCE, CODE, CODETYPE, NAME, PRICEBUY, PRICESELL, CATEGORY, TAXCAT, ISCOM, ISSCALE, ISKITCHEN, ISSERVICE, ISVPRICE, WARRANTY, STOCKUNITS, CANDISCOUNT, ALIAS, ALWAYSAVAILABLE, DISCOUNTED) VALUES ('2f6b37f363f748b3a228edafd2af813f', '85066', '8506600000000', 'EAN-13', 'Cream Sweetheart Mini Chest', 8.51, 14.19, '2933eb4cc17a47cfbd4750d6c522f117', '9dd70548adb84cb6ba2bde70daa9e7e8', FALSE, FALSE, FALSE, FALSE, FALSE, FALSE, 100, TRUE, 'Cream Sweetheart Mini Chest', FALSE, 'no');
INSERT INTO PRODUCTS (ID, REFERENCE, CODE, CODETYPE, NAME, PRICEBUY, PRICESELL, CATEGORY, TAXCAT, ISCOM, ISSCALE, ISKITCHEN, ISSERVICE, ISVPRICE, WARRANTY, STOCKUNITS, CANDISCOUNT, ALIAS, ALWAYSAVAILABLE, DISCOUNTED) VALUES ('08676834b738418abc6a6cefd8fad793', '82600', '8260000000000', 'EAN-13', 'No Singing Metal Sign', 1.53, 2.54, '2933eb4cc17a47cfbd4750d6c522f117', '9dd70548adb84cb6ba2bde70daa9e7e8', FALSE, FALSE, FALSE, FALSE, FALSE, FALSE, 100, TRUE, 'No Singing Metal Sign', FALSE, 'no');
INSERT INTO PRODUCTS (ID, REFERENCE, CODE, CODETYPE, NAME, PRICEBUY, PRICESELL, CATEGORY, TAXCAT, ISCOM, ISSCALE, ISKITCHEN, ISSERVICE, ISVPRICE, WARRANTY, STOCKUNITS, CANDISCOUNT, ALIAS, ALWAYSAVAILABLE, DISCOUNTED) VALUES ('8f0fa952fbbc419388ce1ba9c79df285', '84836', '8483600000000', 'EAN-13', 'Zinc Metal Heart Decoration', 0.82, 1.36, '2933eb4cc17a47cfbd4750d6c522f117', '9dd70548adb84cb6ba2bde70daa9e7e8', FALSE, FALSE, FALSE, FALSE, FALSE, FALSE, 100, TRUE, 'Zinc Metal Heart Decoration', FALSE, 'no');
INSERT INTO PRODUCTS (ID, REFERENCE, CODE, CODETYPE, NAME, PRICEBUY, PRICESELL, CATEGORY, TAXCAT, ISCOM, ISSCALE, ISKITCHEN, ISSERVICE, ISVPRICE, WARRANTY, STOCKUNITS, CANDISCOUNT, ALIAS, ALWAYSAVAILABLE, DISCOUNTED) VALUES ('3656fd66bfe744c781d767c5d51589b2', '21174', '2117400000000', 'EAN-13', 'Pottering In The Shed Metal Sign', 1.61, 2.69, '8b883bc2dca14f0480421f4f0055ec15', '9dd70548adb84cb6ba2bde70daa9e7e8', FALSE, FALSE, FALSE, FALSE, FALSE, FALSE, 100, TRUE, 'Pottering In The Shed Metal Sign', FALSE, 'no');
INSERT INTO PRODUCTS (ID, REFERENCE, CODE, CODETYPE, NAME, PRICEBUY, PRICESELL, CATEGORY, TAXCAT, ISCOM, ISSCALE, ISKITCHEN, ISSERVICE, ISVPRICE, WARRANTY, STOCKUNITS, CANDISCOUNT, ALIAS, ALWAYSAVAILABLE, DISCOUNTED) VALUES ('20d7e7c434424b678169f6c5aca98d70', '84970S', '8497000000000', 'EAN-13', 'Hanging Heart Zinc T-Light Holder', 0.68, 1.14, '4ab3ea0d42844609ab64a7a11441c5fe', '9dd70548adb84cb6ba2bde70daa9e7e8', FALSE, FALSE, FALSE, FALSE, FALSE, FALSE, 100, TRUE, 'Hanging Heart Zinc T-Light Holder', FALSE, 'no');
INSERT INTO PRODUCTS (ID, REFERENCE, CODE, CODETYPE, NAME, PRICEBUY, PRICESELL, CATEGORY, TAXCAT, ISCOM, ISSCALE, ISKITCHEN, ISSERVICE, ISVPRICE, WARRANTY, STOCKUNITS, CANDISCOUNT, ALIAS, ALWAYSAVAILABLE, DISCOUNTED) VALUES ('51b3478eb05b468192442caff4e86a35', '21936', '2193600000000', 'EAN-13', 'Red Retrospot Picnic Bag', 2.21, 3.69, '1e0dd86a9cab4423bb7c899761d6064d', '9dd70548adb84cb6ba2bde70daa9e7e8', FALSE, FALSE, FALSE, FALSE, FALSE, FALSE, 100, TRUE, 'Red Retrospot Picnic Bag', FALSE, 'no');
INSERT INTO PRODUCTS (ID, REFERENCE, CODE, CODETYPE, NAME, PRICEBUY, PRICESELL, CATEGORY, TAXCAT, ISCOM, ISSCALE, ISKITCHEN, ISSERVICE, ISVPRICE, WARRANTY, STOCKUNITS, CANDISCOUNT, ALIAS, ALWAYSAVAILABLE, DISCOUNTED) VALUES ('549bb5f386424855a0ca3580087c5793', '21231', '2123100000000', 'EAN-13', 'Sweetheart Ceramic Trinket Box', 0.93, 1.55, '70098e08bf26409488a568a30b7b6b0c', '9dd70548adb84cb6ba2bde70daa9e7e8', FALSE, FALSE, FALSE, FALSE, FALSE, FALSE, 100, TRUE, 'Sweetheart Ceramic Trinket Box', FALSE, 'no');
INSERT INTO PRODUCTS (ID, REFERENCE, CODE, CODETYPE, NAME, PRICEBUY, PRICESELL, CATEGORY, TAXCAT, ISCOM, ISSCALE, ISKITCHEN, ISSERVICE, ISVPRICE, WARRANTY, STOCKUNITS, CANDISCOUNT, ALIAS, ALWAYSAVAILABLE, DISCOUNTED) VALUES ('6ab240d23215418fb3800982f8ca933f', '84077', '8407700000000', 'EAN-13', 'World War 2 Gliders Asstd Designs', 0.19, 0.32, '2933eb4cc17a47cfbd4750d6c522f117', '9dd70548adb84cb6ba2bde70daa9e7e8', FALSE, FALSE, FALSE, FALSE, FALSE, FALSE, 100, TRUE, 'World War 2 Gliders Asstd Designs', FALSE, 'no');
INSERT INTO PRODUCTS (ID, REFERENCE, CODE, CODETYPE, NAME, PRICEBUY, PRICESELL, CATEGORY, TAXCAT, ISCOM, ISSCALE, ISKITCHEN, ISSERVICE, ISVPRICE, WARRANTY, STOCKUNITS, CANDISCOUNT, ALIAS, ALWAYSAVAILABLE, DISCOUNTED) VALUES ('fc0c112af4234d5d8a7ad381fb0986b1', '84596B', '8459600000000', 'EAN-13', 'Small Dolly Mix Design Orange Bowl', 0.37, 0.61, '14ecec92fc0c4095bfaa984d15e6a815', '9dd70548adb84cb6ba2bde70daa9e7e8', FALSE, FALSE, FALSE, FALSE, FALSE, FALSE, 100, TRUE, 'Small Dolly Mix Design Orange Bowl', FALSE, 'no');
INSERT INTO PRODUCTS (ID, REFERENCE, CODE, CODETYPE, NAME, PRICEBUY, PRICESELL, CATEGORY, TAXCAT, ISCOM, ISSCALE, ISKITCHEN, ISSERVICE, ISVPRICE, WARRANTY, STOCKUNITS, CANDISCOUNT, ALIAS, ALWAYSAVAILABLE, DISCOUNTED) VALUES ('cdd238ac76604bff89a74d099482e253', '20971', '2097100000000', 'EAN-13', 'Pink Blue Felt Craft Trinket Box', 0.85, 1.42, '70098e08bf26409488a568a30b7b6b0c', '9dd70548adb84cb6ba2bde70daa9e7e8', FALSE, FALSE, FALSE, FALSE, FALSE, FALSE, 100, TRUE, 'Pink Blue Felt Craft Trinket Box', FALSE, 'no');
INSERT INTO PRODUCTS (ID, REFERENCE, CODE, CODETYPE, NAME, PRICEBUY, PRICESELL, CATEGORY, TAXCAT, ISCOM, ISSCALE, ISKITCHEN, ISSERVICE, ISVPRICE, WARRANTY, STOCKUNITS, CANDISCOUNT, ALIAS, ALWAYSAVAILABLE, DISCOUNTED) VALUES ('86f92621ec0f46f986d8e73d21173079', '22189', '2218900000000', 'EAN-13', 'Cream Heart Card Holder', 2.67, 4.44, '4ab3ea0d42844609ab64a7a11441c5fe', '9dd70548adb84cb6ba2bde70daa9e7e8', FALSE, FALSE, FALSE, FALSE, FALSE, FALSE, 100, TRUE, 'Cream Heart Card Holder', FALSE, 'no');
INSERT INTO PRODUCTS (ID, REFERENCE, CODE, CODETYPE, NAME, PRICEBUY, PRICESELL, CATEGORY, TAXCAT, ISCOM, ISSCALE, ISKITCHEN, ISSERVICE, ISVPRICE, WARRANTY, STOCKUNITS, CANDISCOUNT, ALIAS, ALWAYSAVAILABLE, DISCOUNTED) VALUES ('86122be17a4e4d42abd71dfa33b92768', '22417', '2241700000000', 'EAN-13', 'Pack Of 60 Spaceboy Cake Cases', 0.46, 0.76, '70098e08bf26409488a568a30b7b6b0c', '9dd70548adb84cb6ba2bde70daa9e7e8', FALSE, FALSE, FALSE, FALSE, FALSE, FALSE, 100, TRUE, 'Pack Of 60 Spaceboy Cake Cases', FALSE, 'no');
INSERT INTO PRODUCTS (ID, REFERENCE, CODE, CODETYPE, NAME, PRICEBUY, PRICESELL, CATEGORY, TAXCAT, ISCOM, ISSCALE, ISKITCHEN, ISSERVICE, ISVPRICE, WARRANTY, STOCKUNITS, CANDISCOUNT, ALIAS, ALWAYSAVAILABLE, DISCOUNTED) VALUES ('1783123facda4f86a5768a219c4ce21b', '22578', '2257800000000', 'EAN-13', 'Wooden Star Christmas Scandinavian', 0.28, 0.47, '2933eb4cc17a47cfbd4750d6c522f117', '9dd70548adb84cb6ba2bde70daa9e7e8', FALSE, FALSE, FALSE, FALSE, FALSE, FALSE, 100, TRUE, 'Wooden Star Christmas Scandinavian', FALSE, 'no');
INSERT INTO PRODUCTS (ID, REFERENCE, CODE, CODETYPE, NAME, PRICEBUY, PRICESELL, CATEGORY, TAXCAT, ISCOM, ISSCALE, ISKITCHEN, ISSERVICE, ISVPRICE, WARRANTY, STOCKUNITS, CANDISCOUNT, ALIAS, ALWAYSAVAILABLE, DISCOUNTED) VALUES ('8158932c027b4e43a523d942b43bc0f2', '22555', '2255500000000', 'EAN-13', 'Plasters In Tin Strongman', 1.11, 1.85, '14ecec92fc0c4095bfaa984d15e6a815', '9dd70548adb84cb6ba2bde70daa9e7e8', FALSE, FALSE, FALSE, FALSE, FALSE, FALSE, 100, TRUE, 'Plasters In Tin Strongman', FALSE, 'no');
INSERT INTO PRODUCTS (ID, REFERENCE, CODE, CODETYPE, NAME, PRICEBUY, PRICESELL, CATEGORY, TAXCAT, ISCOM, ISSCALE, ISKITCHEN, ISSERVICE, ISVPRICE, WARRANTY, STOCKUNITS, CANDISCOUNT, ALIAS, ALWAYSAVAILABLE, DISCOUNTED) VALUES ('0c0d627f86624aa999b9cec7a62fa923', '22766', '2276600000000', 'EAN-13', 'Photo Frame Cornice', 1.92, 3.2, '75c77c008fa840689edd7893254208f1', '9dd70548adb84cb6ba2bde70daa9e7e8', FALSE, FALSE, FALSE, FALSE, FALSE, FALSE, 100, TRUE, 'Photo Frame Cornice', FALSE, 'no');
INSERT INTO PRODUCTS (ID, REFERENCE, CODE, CODETYPE, NAME, PRICEBUY, PRICESELL, CATEGORY, TAXCAT, ISCOM, ISSCALE, ISKITCHEN, ISSERVICE, ISVPRICE, WARRANTY, STOCKUNITS, CANDISCOUNT, ALIAS, ALWAYSAVAILABLE, DISCOUNTED) VALUES ('d5ecece3701a4fc8b1773e72a211563b', '21094', '2109400000000', 'EAN-13', 'Set/6 Red Spotty Paper Plates', 0.59, 0.99, '14ecec92fc0c4095bfaa984d15e6a815', '9dd70548adb84cb6ba2bde70daa9e7e8', FALSE, FALSE, FALSE, FALSE, FALSE, FALSE, 100, TRUE, 'Set/6 Red Spotty Paper Plates', FALSE, 'no');
INSERT INTO PRODUCTS (ID, REFERENCE, CODE, CODETYPE, NAME, PRICEBUY, PRICESELL, CATEGORY, TAXCAT, ISCOM, ISSCALE, ISKITCHEN, ISSERVICE, ISVPRICE, WARRANTY, STOCKUNITS, CANDISCOUNT, ALIAS, ALWAYSAVAILABLE, DISCOUNTED) VALUES ('23f857eac20e4452b17e893422b1433f', '84375', '8437500000000', 'EAN-13', 'Set Of 20 Kids Cookie Cutters', 1.51, 2.51, '2933eb4cc17a47cfbd4750d6c522f117', '9dd70548adb84cb6ba2bde70daa9e7e8', FALSE, FALSE, FALSE, FALSE, FALSE, FALSE, 100, TRUE, 'Set Of 20 Kids Cookie Cutters', FALSE, 'no');
INSERT INTO PRODUCTS (ID, REFERENCE, CODE, CODETYPE, NAME, PRICEBUY, PRICESELL, CATEGORY, TAXCAT, ISCOM, ISSCALE, ISKITCHEN, ISSERVICE, ISVPRICE, WARRANTY, STOCKUNITS, CANDISCOUNT, ALIAS, ALWAYSAVAILABLE, DISCOUNTED) VALUES ('4defa0cbb02a43ad80e93d23894a2308', '21935', '2193500000000', 'EAN-13', 'Suki  Shoulder Bag', 1.4, 2.34, '1e0dd86a9cab4423bb7c899761d6064d', '9dd70548adb84cb6ba2bde70daa9e7e8', FALSE, FALSE, FALSE, FALSE, FALSE, FALSE, 100, TRUE, 'Suki  Shoulder Bag', FALSE, 'no');
INSERT INTO PRODUCTS (ID, REFERENCE, CODE, CODETYPE, NAME, PRICEBUY, PRICESELL, CATEGORY, TAXCAT, ISCOM, ISSCALE, ISKITCHEN, ISSERVICE, ISVPRICE, WARRANTY, STOCKUNITS, CANDISCOUNT, ALIAS, ALWAYSAVAILABLE, DISCOUNTED) VALUES ('3bc8b23800584d7db3768a10c557b92b', '20711', '2071100000000', 'EAN-13', 'Jumbo Bag Toys', 1.87, 3.11, '1e0dd86a9cab4423bb7c899761d6064d', '9dd70548adb84cb6ba2bde70daa9e7e8', FALSE, FALSE, FALSE, FALSE, FALSE, FALSE, 100, TRUE, 'Jumbo Bag Toys', FALSE, 'no');
INSERT INTO PRODUCTS (ID, REFERENCE, CODE, CODETYPE, NAME, PRICEBUY, PRICESELL, CATEGORY, TAXCAT, ISCOM, ISSCALE, ISKITCHEN, ISSERVICE, ISVPRICE, WARRANTY, STOCKUNITS, CANDISCOUNT, ALIAS, ALWAYSAVAILABLE, DISCOUNTED) VALUES ('dbf1afc9684149eca2c84335c2c35fe9', '22029', '2202900000000', 'EAN-13', 'Spaceboy Birthday Card', 0.31, 0.52, '9ea3c7c6c28b4ff68e6c2e4f9eaacd45', '9dd70548adb84cb6ba2bde70daa9e7e8', FALSE, FALSE, FALSE, FALSE, FALSE, FALSE, 100, TRUE, 'Spaceboy Birthday Card', FALSE, 'no');
INSERT INTO PRODUCTS (ID, REFERENCE, CODE, CODETYPE, NAME, PRICEBUY, PRICESELL, CATEGORY, TAXCAT, ISCOM, ISSCALE, ISKITCHEN, ISSERVICE, ISVPRICE, WARRANTY, STOCKUNITS, CANDISCOUNT, ALIAS, ALWAYSAVAILABLE, DISCOUNTED) VALUES ('5ede72294fce435481e181ccacac17ea', '22616', '2261600000000', 'EAN-13', 'Pack Of 12 London Tissues', 0.27, 0.45, '9ea3c7c6c28b4ff68e6c2e4f9eaacd45', '9dd70548adb84cb6ba2bde70daa9e7e8', FALSE, FALSE, FALSE, FALSE, FALSE, FALSE, 100, TRUE, 'Pack Of 12 London Tissues', FALSE, 'no');
INSERT INTO PRODUCTS (ID, REFERENCE, CODE, CODETYPE, NAME, PRICEBUY, PRICESELL, CATEGORY, TAXCAT, ISCOM, ISSCALE, ISKITCHEN, ISSERVICE, ISVPRICE, WARRANTY, STOCKUNITS, CANDISCOUNT, ALIAS, ALWAYSAVAILABLE, DISCOUNTED) VALUES ('625ea261793c4050830c442d7ea9edf1', '22427', '2242700000000', 'EAN-13', 'Enamel Flower Jug Cream', 3.93, 6.55, '14ecec92fc0c4095bfaa984d15e6a815', '9dd70548adb84cb6ba2bde70daa9e7e8', FALSE, FALSE, FALSE, FALSE, FALSE, FALSE, 100, TRUE, 'Enamel Flower Jug Cream', FALSE, 'no');
INSERT INTO PRODUCTS (ID, REFERENCE, CODE, CODETYPE, NAME, PRICEBUY, PRICESELL, CATEGORY, TAXCAT, ISCOM, ISSCALE, ISKITCHEN, ISSERVICE, ISVPRICE, WARRANTY, STOCKUNITS, CANDISCOUNT, ALIAS, ALWAYSAVAILABLE, DISCOUNTED) VALUES ('78acae3bee9b498e8c4696246c853db7', '15036', '1503600000000', 'EAN-13', 'Assorted Colours Silk Fan', 0.64, 1.07, '2933eb4cc17a47cfbd4750d6c522f117', '9dd70548adb84cb6ba2bde70daa9e7e8', FALSE, FALSE, FALSE, FALSE, FALSE, FALSE, 100, TRUE, 'Assorted Colours Silk Fan', FALSE, 'no');
INSERT INTO PRODUCTS (ID, REFERENCE, CODE, CODETYPE, NAME, PRICEBUY, PRICESELL, CATEGORY, TAXCAT, ISCOM, ISSCALE, ISKITCHEN, ISSERVICE, ISVPRICE, WARRANTY, STOCKUNITS, CANDISCOUNT, ALIAS, ALWAYSAVAILABLE, DISCOUNTED) VALUES ('3f785a4a5b294189ae6fde2843be79d5', '21479', '2147900000000', 'EAN-13', 'White Skull Hot Water Bottle', 2.98, 4.97, '14ecec92fc0c4095bfaa984d15e6a815', '9dd70548adb84cb6ba2bde70daa9e7e8', FALSE, FALSE, FALSE, FALSE, FALSE, FALSE, 100, TRUE, 'White Skull Hot Water Bottle', FALSE, 'no');
INSERT INTO PRODUCTS (ID, REFERENCE, CODE, CODETYPE, NAME, PRICEBUY, PRICESELL, CATEGORY, TAXCAT, ISCOM, ISSCALE, ISKITCHEN, ISSERVICE, ISVPRICE, WARRANTY, STOCKUNITS, CANDISCOUNT, ALIAS, ALWAYSAVAILABLE, DISCOUNTED) VALUES ('df674184df65495ba108d8c58d5bc049', '22633', '2263300000000', 'EAN-13', 'Hand Warmer Union Jack', 1.32, 2.19, '2933eb4cc17a47cfbd4750d6c522f117', '9dd70548adb84cb6ba2bde70daa9e7e8', FALSE, FALSE, FALSE, FALSE, FALSE, FALSE, 100, TRUE, 'Hand Warmer Union Jack', FALSE, 'no');
INSERT INTO PRODUCTS (ID, REFERENCE, CODE, CODETYPE, NAME, PRICEBUY, PRICESELL, CATEGORY, TAXCAT, ISCOM, ISSCALE, ISKITCHEN, ISSERVICE, ISVPRICE, WARRANTY, STOCKUNITS, CANDISCOUNT, ALIAS, ALWAYSAVAILABLE, DISCOUNTED) VALUES ('ff7ad8dc721341c9920f19004fd02e4c', '84988', '8498800000000', 'EAN-13', 'Set Of 72 Pink Heart Paper Doilies', 1.29, 2.14, '9ea3c7c6c28b4ff68e6c2e4f9eaacd45', '9dd70548adb84cb6ba2bde70daa9e7e8', FALSE, FALSE, FALSE, FALSE, FALSE, FALSE, 100, TRUE, 'Set Of 72 Pink Heart Paper Doilies', FALSE, 'no');
INSERT INTO PRODUCTS (ID, REFERENCE, CODE, CODETYPE, NAME, PRICEBUY, PRICESELL, CATEGORY, TAXCAT, ISCOM, ISSCALE, ISKITCHEN, ISSERVICE, ISVPRICE, WARRANTY, STOCKUNITS, CANDISCOUNT, ALIAS, ALWAYSAVAILABLE, DISCOUNTED) VALUES ('6c3711d7e2cd40b19910b70563ce7c18', '21481', '2148100000000', 'EAN-13', 'Fawn Blue Hot Water Bottle', 2.45, 4.09, '14ecec92fc0c4095bfaa984d15e6a815', '9dd70548adb84cb6ba2bde70daa9e7e8', FALSE, FALSE, FALSE, FALSE, FALSE, FALSE, 100, TRUE, 'Fawn Blue Hot Water Bottle', FALSE, 'no');
INSERT INTO PRODUCTS (ID, REFERENCE, CODE, CODETYPE, NAME, PRICEBUY, PRICESELL, CATEGORY, TAXCAT, ISCOM, ISSCALE, ISKITCHEN, ISSERVICE, ISVPRICE, WARRANTY, STOCKUNITS, CANDISCOUNT, ALIAS, ALWAYSAVAILABLE, DISCOUNTED) VALUES ('b51204440cda4736aafb1b61bacd76fe', '22456', '2245600000000', 'EAN-13', 'Natural Slate Chalkboard Large', 3.93, 6.55, '2933eb4cc17a47cfbd4750d6c522f117', '9dd70548adb84cb6ba2bde70daa9e7e8', FALSE, FALSE, FALSE, FALSE, FALSE, FALSE, 100, TRUE, 'Natural Slate Chalkboard Large', FALSE, 'no');
INSERT INTO PRODUCTS (ID, REFERENCE, CODE, CODETYPE, NAME, PRICEBUY, PRICESELL, CATEGORY, TAXCAT, ISCOM, ISSCALE, ISKITCHEN, ISSERVICE, ISVPRICE, WARRANTY, STOCKUNITS, CANDISCOUNT, ALIAS, ALWAYSAVAILABLE, DISCOUNTED) VALUES ('9e3f4face8f442c8b5a5c47bd29c7df9', '23243', '2324300000000', 'EAN-13', 'Set Of Tea Coffee Sugar Tins Pantry', 3.48, 5.79, '14ecec92fc0c4095bfaa984d15e6a815', '9dd70548adb84cb6ba2bde70daa9e7e8', FALSE, FALSE, FALSE, FALSE, FALSE, FALSE, 100, TRUE, 'Set Of Tea Coffee Sugar Tins Pantry', FALSE, 'no');
INSERT INTO PRODUCTS (ID, REFERENCE, CODE, CODETYPE, NAME, PRICEBUY, PRICESELL, CATEGORY, TAXCAT, ISCOM, ISSCALE, ISKITCHEN, ISSERVICE, ISVPRICE, WARRANTY, STOCKUNITS, CANDISCOUNT, ALIAS, ALWAYSAVAILABLE, DISCOUNTED) VALUES ('2de45956cf11481dbb941010455da737', '21523', '2152300000000', 'EAN-13', 'Doormat Fancy Font Home Sweet Home', 5.7, 9.5, '75c77c008fa840689edd7893254208f1', '9dd70548adb84cb6ba2bde70daa9e7e8', FALSE, FALSE, FALSE, FALSE, FALSE, FALSE, 100, TRUE, 'Doormat Fancy Font Home Sweet Home', FALSE, 'no');
INSERT INTO PRODUCTS (ID, REFERENCE, CODE, CODETYPE, NAME, PRICEBUY, PRICESELL, CATEGORY, TAXCAT, ISCOM, ISSCALE, ISKITCHEN, ISSERVICE, ISVPRICE, WARRANTY, STOCKUNITS, CANDISCOUNT, ALIAS, ALWAYSAVAILABLE, DISCOUNTED) VALUES ('e8156a95199f4be88fc6fb3efde8d2be', '22147', '2214700000000', 'EAN-13', 'Feltcraft Butterfly Hearts', 0.98, 1.63, '2933eb4cc17a47cfbd4750d6c522f117', '9dd70548adb84cb6ba2bde70daa9e7e8', FALSE, FALSE, FALSE, FALSE, FALSE, FALSE, 100, TRUE, 'Feltcraft Butterfly Hearts', FALSE, 'no');
INSERT INTO PRODUCTS (ID, REFERENCE, CODE, CODETYPE, NAME, PRICEBUY, PRICESELL, CATEGORY, TAXCAT, ISCOM, ISSCALE, ISKITCHEN, ISSERVICE, ISVPRICE, WARRANTY, STOCKUNITS, CANDISCOUNT, ALIAS, ALWAYSAVAILABLE, DISCOUNTED) VALUES ('83b7132682fa4f42939763fd86132758', '22173', '2217300000000', 'EAN-13', 'Metal 4 Hook Hanger French Chateau', 2.29, 3.82, '75c77c008fa840689edd7893254208f1', '9dd70548adb84cb6ba2bde70daa9e7e8', FALSE, FALSE, FALSE, FALSE, FALSE, FALSE, 100, TRUE, 'Metal 4 Hook Hanger French Chateau', FALSE, 'no');
INSERT INTO PRODUCTS (ID, REFERENCE, CODE, CODETYPE, NAME, PRICEBUY, PRICESELL, CATEGORY, TAXCAT, ISCOM, ISSCALE, ISKITCHEN, ISSERVICE, ISVPRICE, WARRANTY, STOCKUNITS, CANDISCOUNT, ALIAS, ALWAYSAVAILABLE, DISCOUNTED) VALUES ('a5ba31d4b2c14c658de297cb742c6367', '21155', '2115500000000', 'EAN-13', 'Red Retrospot Peg Bag', 1.87, 3.11, '1e0dd86a9cab4423bb7c899761d6064d', '9dd70548adb84cb6ba2bde70daa9e7e8', FALSE, FALSE, FALSE, FALSE, FALSE, FALSE, 100, TRUE, 'Red Retrospot Peg Bag', FALSE, 'no');
INSERT INTO PRODUCTS (ID, REFERENCE, CODE, CODETYPE, NAME, PRICEBUY, PRICESELL, CATEGORY, TAXCAT, ISCOM, ISSCALE, ISKITCHEN, ISSERVICE, ISVPRICE, WARRANTY, STOCKUNITS, CANDISCOUNT, ALIAS, ALWAYSAVAILABLE, DISCOUNTED) VALUES ('4d5eb935cd3e44da859c621e585ad154', '23198', '2319800000000', 'EAN-13', 'Pantry Magnetic  Shopping List', 1.07, 1.79, '2933eb4cc17a47cfbd4750d6c522f117', '9dd70548adb84cb6ba2bde70daa9e7e8', FALSE, FALSE, FALSE, FALSE, FALSE, FALSE, 100, TRUE, 'Pantry Magnetic  Shopping List', FALSE, 'no');
INSERT INTO PRODUCTS (ID, REFERENCE, CODE, CODETYPE, NAME, PRICEBUY, PRICESELL, CATEGORY, TAXCAT, ISCOM, ISSCALE, ISKITCHEN, ISSERVICE, ISVPRICE, WARRANTY, STOCKUNITS, CANDISCOUNT, ALIAS, ALWAYSAVAILABLE, DISCOUNTED) VALUES ('dc21ffe1d97248f39f18d623b7639cb7', '23356', '2335600000000', 'EAN-13', 'Love Hot Water Bottle', 3.72, 6.2, '14ecec92fc0c4095bfaa984d15e6a815', '9dd70548adb84cb6ba2bde70daa9e7e8', FALSE, FALSE, FALSE, FALSE, FALSE, FALSE, 100, TRUE, 'Love Hot Water Bottle', FALSE, 'no');
INSERT INTO PRODUCTS (ID, REFERENCE, CODE, CODETYPE, NAME, PRICEBUY, PRICESELL, CATEGORY, TAXCAT, ISCOM, ISSCALE, ISKITCHEN, ISSERVICE, ISVPRICE, WARRANTY, STOCKUNITS, CANDISCOUNT, ALIAS, ALWAYSAVAILABLE, DISCOUNTED) VALUES ('ba2fe39c35494412af28721510a60ab1', '22667', '2266700000000', 'EAN-13', 'Recipe Box Retrospot', 1.82, 3.03, '70098e08bf26409488a568a30b7b6b0c', '9dd70548adb84cb6ba2bde70daa9e7e8', FALSE, FALSE, FALSE, FALSE, FALSE, FALSE, 100, TRUE, 'Recipe Box Retrospot', FALSE, 'no');
INSERT INTO PRODUCTS (ID, REFERENCE, CODE, CODETYPE, NAME, PRICEBUY, PRICESELL, CATEGORY, TAXCAT, ISCOM, ISSCALE, ISKITCHEN, ISSERVICE, ISVPRICE, WARRANTY, STOCKUNITS, CANDISCOUNT, ALIAS, ALWAYSAVAILABLE, DISCOUNTED) VALUES ('f287bebb5dab41399a08f260943c16f3', '22352', '2235200000000', 'EAN-13', 'Lunch Box With Cutlery Retrospot', 1.98, 3.3, '70098e08bf26409488a568a30b7b6b0c', '9dd70548adb84cb6ba2bde70daa9e7e8', FALSE, FALSE, FALSE, FALSE, FALSE, FALSE, 100, TRUE, 'Lunch Box With Cutlery Retrospot', FALSE, 'no');
INSERT INTO PRODUCTS (ID, REFERENCE, CODE, CODETYPE, NAME, PRICEBUY, PRICESELL, CATEGORY, TAXCAT, ISCOM, ISSCALE, ISKITCHEN, ISSERVICE, ISVPRICE, WARRANTY, STOCKUNITS, CANDISCOUNT, ALIAS, ALWAYSAVAILABLE, DISCOUNTED) VALUES ('63802a9fbbff45a69f005346c406cc73', '22620', '2262000000000', 'EAN-13', '4 Traditional Spinning Tops', 0.99, 1.66, '2933eb4cc17a47cfbd4750d6c522f117', '9dd70548adb84cb6ba2bde70daa9e7e8', FALSE, FALSE, FALSE, FALSE, FALSE, FALSE, 100, TRUE, '4 Traditional Spinning Tops', FALSE, 'no');
INSERT INTO PRODUCTS (ID, REFERENCE, CODE, CODETYPE, NAME, PRICEBUY, PRICESELL, CATEGORY, TAXCAT, ISCOM, ISSCALE, ISKITCHEN, ISSERVICE, ISVPRICE, WARRANTY, STOCKUNITS, CANDISCOUNT, ALIAS, ALWAYSAVAILABLE, DISCOUNTED) VALUES ('e52b8b6c56e1420192ae2d5f0f8d2597', '23343', '2334300000000', 'EAN-13', 'Jumbo Bag Vintage Christmas', 1.45, 2.41, '1e0dd86a9cab4423bb7c899761d6064d', '9dd70548adb84cb6ba2bde70daa9e7e8', FALSE, FALSE, FALSE, FALSE, FALSE, FALSE, 100, TRUE, 'Jumbo Bag Vintage Christmas', FALSE, 'no');

-- Total: 200 products in 11 categories
